-1,-1
1,29,1,436.95,180.3,33.276,22.973,2.9466,2,449.58,176.04,33.986,23.342,2.9447,3,461.61,173.85,34.824,23.388,2.9667,4,473.64,174.13,35.269,23.665,2.9601,7,505.58,175.55,37.395,25.436,2.9358,8,515.09,176.41,37.927,25.911,2.9258,9,524.23,177.84,38.547,26.372,2.9127,10,532.49,180.23,38.964,26.805,2.8952,11,540.07,183.86,39.68,27.716,2.884,12,547.03,188.83,40.175,27.855,2.8781,14,561.65,199.39,42.025,31.706,2.6191,15,566.03,197.01,63.735,38.96,1.7337,16,573.15,204.69,64.269,39.152,1.7417,17,580.13,211.37,65.886,39.676,1.74,18,586.99,218.2,67.142,39.881,1.742,19,600.77,230.57,76.626,48.354,1.3041,20,605.12,233.18,77.076,46.639,1.4203,21,606.42,228.08,70.121,40.369,1.7379,22,611.28,230.13,71.921,38.761,1.7107,23,615.3,232.01,73.05,36.238,1.6876,24,618.64,236.13,75.86,33.569,1.6539,25,621.54,241.22,75.519,30.458,1.6606,26,624.21,249.38,73.103,26.942,1.6696,27,627.25,257.41,62.527,21.543,1.7137,28,614.8,251.53,96.132,42.805,1.6467,29,617.97,275.22,102.88,37.594,1.6628,30,619.33,300.09,91.905,35.012,1.7278,36,614.43,293.27,94.147,42.885,1.741,37,616.75,310.86,77.695,36.171,1.8344,253.96,253.86,252.02
4,19,1,467.55,206.25,30.762,25.034,2.2368,2,480.39,202.14,31.615,25.06,2.1627,3,493.14,200.22,32.021,24.889,2.1317,4,504.52,199.95,32.914,22.323,2.0127,5,516.5,199.53,33.467,22.199,2.0089,6,527.58,199.66,34.001,22.381,1.9857,7,538.19,200.34,34.604,22.336,1.9773,8,548.44,201.17,35.476,22.623,1.9392,9,558.13,202.45,36.1,22.631,1.9166,10,566.83,204,36.311,22.487,1.9365,11,575.15,208.31,37.779,22.948,1.8878,12,582.67,212.77,38.306,23.322,1.8712,13,590.47,219.49,39.321,23.75,1.8445,14,597.96,226.37,40.241,24.276,1.8293,15,607.15,234.81,40.38,27.854,1.896,16,614.43,243.11,40.967,27.697,1.8629,17,620.5,249.94,42.477,25.09,1.7804,18,624.98,257.38,43.105,21.882,1.7336,19,628.56,262.59,43.325,17.63,1.7216,209.02,216.65,215.41
5,12,1,340.42,99.469,50.488,19.135,2.1904,2,350.61,95.384,50.644,18.388,2.1746,3,360.25,93.063,51.711,17.97,2.1467,4,369.62,93.133,52.945,17.317,2.1191,5,377.95,94.175,53.694,16.558,2.1029,6,385.98,94.747,53.863,16.172,2.0816,7,393.94,95.527,54.707,15.708,2.0684,8,400.81,96.75,55.47,15.238,2.0544,9,407.09,98.901,56.878,14.881,2.0316,10,413.01,101.63,58.219,14.66,2.0179,11,418.2,105.32,59.329,14.358,2.0063,12,422.84,110.49,60.605,14.168,2.0025,223.49,226.93,209.96
7,30,1,249.32,41.668,62.761,36.493,2.0617,2,256.88,38.816,61.436,33.569,2.1645,3,264.22,37.589,60.66,32.596,2.1664,4,271.84,37.881,60.643,31.804,2.1472,5,279.02,38.196,59.244,30.317,2.127,6,284.42,40.161,60.399,29.665,2.0927,7,290.76,41.391,60.661,28.696,2.0722,8,296.1,43.332,61.523,27.79,2.0502,9,300.44,46.535,62.104,27.089,2.0222,10,304.81,50.108,62.411,26.105,2.0073,11,309.03,53.769,61.872,25.218,1.9903,12,312.53,58.981,62.623,24.349,1.9837,13,316.42,64.172,60.938,23.557,1.9689,14,320.32,70.835,61.63,22.61,1.9643,15,324.52,77.279,61.881,21.788,1.958,16,329.39,84.085,63.076,20.822,1.9663,17,333.17,90.061,63.144,19.894,1.9647,18,337.16,95.949,64.001,19.069,1.9668,19,341.89,97.318,59.72,17.949,1.9698,20,345.5,99.383,60.125,17.111,1.9698,21,348.97,99.245,60.427,16.189,1.979,22,352.03,97.959,61.04,15.408,1.9772,23,355.25,95.521,61.17,14.665,1.982,24,358.7,92.657,61.826,13.989,1.99,25,362.54,90.347,62.585,13.556,1.999,26,367.65,88.793,63.01,12.963,2.0109,27,373.67,88.506,63.786,12.481,2.0286,28,380.33,90.234,65.169,12.336,2.0564,29,387.61,93.158,66.626,12.297,2.0752,30,395.16,97.474,68.393,12.436,2.1091,236.56,238.37,237.81
8,33,1,379.77,129.01,52.7,44.588,2.4408,2,389.51,123.88,52.942,44.129,2.3695,3,398.96,120.4,53.034,43.777,2.2865,4,407.06,119.99,52.144,42.89,2.099,5,414.76,120.42,54.277,42.461,2.1247,6,422.45,120.22,55.175,41.854,2.0994,7,430.19,120.18,55.706,41.063,2.0763,8,437.53,119.85,55.275,40.375,1.9996,9,442.93,121.7,58.097,40.133,2.0389,10,449.42,122.69,57.375,39.253,1.9767,11,454.46,125.63,58.489,38.818,1.9766,12,459.05,129.97,59.692,38.285,1.9718,13,463.65,135.65,60.961,37.949,1.952,14,468.34,141.91,62.082,37.417,1.9562,15,473.54,148.69,63.269,37.042,1.9463,16,478.75,156.21,64.434,36.615,1.9496,17,483.48,162.04,65.42,35.974,1.9352,18,488.64,168.18,66.758,35.777,1.9405,19,493.46,172.27,67.648,35.618,1.945,20,498.4,174.51,68.583,35.218,1.9422,21,503.08,175.58,69.872,35.45,1.9462,22,507.46,175.19,71.733,34.994,1.947,23,512.17,174.39,72.414,34.906,1.939,24,517.62,173.39,73.369,35.098,1.9339,25,523.5,173.61,75.07,35.839,1.9766,26,531.39,177.91,75.829,39.692,1.9457,27,538.68,184.83,79.219,42.89,1.9773,28,547.7,192.16,79.256,44.8,1.9563,29,553.84,200.28,79.508,43.351,1.9015,30,562.83,212.58,82.025,46.154,1.8574,31,572.13,223.61,85.259,47.158,1.8117,32,583.15,235.78,89.939,50.084,1.7319,33,595.5,250.43,96.868,51.699,1.6345,216.65,219.07,201.31
10,14,1,443.78,185.52,70.086,48.588,1.0076,2,455.38,180.4,72.445,49.477,0.99068,3,466.48,175.65,73.609,48.833,0.95301,4,477.69,174.59,75.324,49.381,0.94866,5,487.85,172.34,77.576,48.661,0.91601,6,497.61,170.45,79.419,47.616,0.88994,7,514.24,176.47,67.815,44.734,1.0665,8,523.6,176.4,68.383,44.999,1.0504,9,533.13,178.53,70.401,45.855,1.0621,10,541.38,180.5,71.591,46.507,1.0646,11,548.54,184.73,73.185,48.944,1.0703,12,556.74,188.75,75.02,48.478,1.0263,13,562.81,194.12,75.216,48.323,1.0758,14,570.55,200.48,76.324,49.635,1.0207,200.86,202.15,189.3
13,32,3,318.58,64.358,56.377,47.691,2.2706,4,326.95,63.863,56.814,49.627,2.2687,5,334.07,64.783,56.875,51.235,2.261,6,340.56,65.899,57.225,52.697,2.2797,7,347.49,67.028,57.763,54.333,2.2694,8,353.45,68.4,58.031,55.741,2.2485,9,358.64,70.377,58.566,57.046,2.3873,10,363.58,72.889,59.528,57.805,2.6587,11,368.1,76.296,60.712,58.849,2.8828,12,371.88,80.809,61.858,59.641,2.8808,13,375.23,85.959,63.093,59.87,2.8136,14,379.35,91.586,64.155,59.991,2.9055,15,383.61,96.8,65.733,59.617,2.9604,16,388.51,103.08,66.536,60.144,2.9724,17,392.55,108.85,67.665,60.643,3.0131,18,396.22,114.08,67.838,61.414,2.9908,19,400.22,117.96,68.606,61.836,3.0091,20,403.95,119.66,68.534,62.576,2.9937,22,431.28,124.16,66.725,43.173,2.0323,23,436.13,122.62,67.245,43.732,2.0471,24,441.47,121.07,67.892,44.749,2.06,25,447.28,120.08,68.562,45.663,2.0572,26,454.45,120.94,69.084,47.591,2.0716,27,461.44,122.83,70.647,47.711,2.0755,28,469.38,126.81,71.668,48.336,2.0884,29,477.99,132.78,72.663,49.338,2.1039,30,487.05,138.97,73.561,49.896,2.1252,31,496.83,147.48,74.483,52.045,2.1327,32,506.35,154.37,75.56,52.801,2.14,33,516.16,161.38,77.034,53.477,2.1307,34,526.33,169.1,78.929,53.116,2.1264,35,537.62,178.51,80.62,53.736,2.115,225.46,230.02,208.7
17,20,7,473.05,142.9,56.56,12.93,2.0652,8,479.12,146.23,50.285,14.346,2.0492,9,488.38,143.3,58.937,15.802,2.0198,10,495.21,144.81,60.14,16.985,2.003,11,501.23,148.17,61.727,18.473,1.9864,12,506.83,152.37,62.191,19.511,1.9762,13,510.78,162.08,56.458,21.183,1.9612,14,516.45,167.86,56.716,22.333,1.9575,15,522.41,175.26,57.972,23.377,1.9449,16,528.54,182.7,58.519,24.278,1.9494,17,534.37,188.96,59.836,25.495,1.9403,18,540.57,195.15,61.215,26.452,1.9394,19,546.36,199.83,63.015,27.29,1.9364,20,552.29,203.08,64.183,28.046,1.9371,21,558.03,204.3,64.986,28.589,1.9391,22,563.99,204.57,65.712,28.892,1.9489,23,570.02,205.08,66.565,29.026,1.9449,24,578.45,202.34,75.418,28.815,1.978,25,583.19,209.76,69.776,28.739,1.968,26,590.94,215.3,70.675,28.054,1.9793,218.64,218.85,202.47
30,18,22,384.58,109.22,62.817,24.779,1.9649,23,388.04,107.34,63.683,25.773,1.9687,24,391.68,104.86,64.49,27.007,1.9726,25,396.12,102.67,65.211,28.375,1.9787,26,401.17,101.89,66.237,29.754,1.9906,27,407.6,102,67.24,31.028,2.0052,28,414.82,104.11,68.253,32.243,2.0191,29,422.45,108.1,69.239,33.53,2.0349,30,430.7,112.2,69.852,34.973,2.0541,31,438.96,118.56,71.339,36.268,2.0659,32,447.39,124.46,72.821,37.6,2.0765,33,456.54,129.58,73.669,38.863,2.0764,34,466.02,137.37,75.823,40.24,2.0787,35,477.07,144.32,75.643,41.136,2.075,36,487.86,153.93,76.937,42.448,2.0705,37,498.46,165.22,79.517,43.545,2.0669,38,509.94,175.24,79.83,44.384,2.0482,39,521.78,184.67,78.853,45.593,2.0197,254.95,254.97,254.42
31,16,22,499.84,193.48,30.048,22.426,3.4735,23,505.3,192.76,30.482,22.031,3.5464,24,509.64,191.45,32.699,26.218,3.7767,25,515.11,192.11,33.679,27.436,3.8209,26,522.32,196.9,32.377,23.316,3.5849,27,529.67,201.82,40.233,28.675,3.9042,28,537.53,205.17,41.131,34.806,2.4809,29,542.05,218.72,34.484,26.336,3.588,30,549.72,228.61,34.499,26.657,3.6445,31,557.19,238.67,34.659,26.388,3.7891,32,566.06,247.5,34.869,26.89,3.8503,33,575.6,257.35,35.127,27.428,0.81467,34,586.16,269.81,34.708,26.708,0.86384,35,597.28,282.34,34.62,25.841,0.93138,36,608.4,295.74,34.639,26.357,1.04,37,619.87,312.07,31.465,23.455,0.80466,249.91,251.84,240.47
50,8,30,80.049,16.401,107.61,24.063,3.2667,31,87.275,14.857,112.16,22.042,3.2815,32,94.24,13.859,113.19,21.887,3.286,33,100.64,13.939,114.58,21.962,3.2905,34,110.08,13.904,114.1,22.769,3.2937,35,119.4,14.421,112.5,23.719,3.3008,36,128.08,15.689,115.28,26.581,3.2904,37,134.64,17.511,117.69,29.003,3.2863,44.363,58.958,66.195
52,32,32,247.96,64.692,77.821,33.38,3.4351,33,252.14,67.788,86.51,33.803,3.4901,34,264.26,71.626,82.347,34.467,3.4749,35,269.74,75.999,89.69,34.438,3.5221,36,282.17,82.164,82.944,34.606,3.518,37,290.71,90.063,84.019,33.354,3.5305,38,301.59,100.27,83.947,35.014,3.5428,39,311.01,109.34,83.965,35.235,3.5484,40,322.17,119.73,80.851,35.784,3.5144,41,327.57,129.6,85.724,36.461,3.5652,42,335.65,139.72,86.976,37.13,3.5682,43,343.94,149.58,87.877,37.854,3.5664,44,354.96,160.62,86.151,38.761,3.5378,45,360.94,169.68,89.849,38.856,3.5607,46,370.08,179.88,89.193,39.373,3.5574,47,378.6,189.23,88.715,39.227,3.5368,48,386.62,199.96,89.904,39.998,3.5474,49,394.07,210.22,91.351,40.892,3.5475,50,404.45,221.38,89.044,41.425,3.5131,51,404.3,231.61,99.022,32.317,3.5684,52,409.69,240.3,101.76,33.705,3.5859,53,426.16,252.5,78.61,34.109,3.4352,55,437.23,268.45,79.265,37.85,3.4817,59,443.23,293.17,95.611,9.9036,3.6707,60,446.55,296.18,97.729,10.609,3.6771,61,452.89,300.88,97.183,11.017,3.6827,62,457.87,303.93,98.426,11.463,3.686,63,461.64,307.63,100.86,12.298,3.6992,64,465.93,313.02,101.24,12.733,3.7158,65,469.41,316.93,103.55,13.361,3.7246,66,472.8,320.02,104.34,13.926,3.7326,67,469.83,307.31,135.67,49.364,3.6697,134.87,153.67,148.19
72,9,41,139.57,29.702,108.27,37.446,3.4546,42,141.2,32.191,100.82,42.15,3.4714,43,145.84,35.544,99.974,45.525,3.4698,44,148.95,39.218,95.826,45.33,3.4398,45,153.23,44.923,95.793,46.583,3.4877,46,141.35,48.078,85.169,47.077,3.7483,47,149.68,56.09,85.426,46.758,3.7542,48,158.58,64.13,87.364,46.38,3.769,49,166.02,72.265,87.741,46.152,3.7704,87.006,109.26,117.94
75,8,42,606.93,259.69,98.064,42.007,1.776,43,614.26,272.74,98.908,38.155,1.7148,44,619.8,285.35,93.425,31.688,1.71,45,624.53,302.42,76.004,25.473,1.7043,46,627.67,321.11,57.368,20.504,1.7112,52,627.96,327.03,56.642,18.531,1.7667,53,631.31,324.4,80.091,15.292,1.7026,54,629.43,306.19,87.222,18.655,1.6441,251.19,254.18,249.87
82,10,45,488.17,269.73,51.695,31.061,3.9061,46,502.82,294.32,93.317,33.181,0.86654,47,493.27,296.53,77.242,44.928,0.79809,48,491.18,307.19,69.808,55.379,3.6501,49,499.87,317.61,68.71,56.285,3.5734,50,501.43,325.54,79.482,54.755,3.3063,51,510.84,329.79,77.995,51.094,3.3643,52,515.15,332.86,83.673,47.31,3.3105,53,529.06,334.67,78.187,38.718,3.501,54,540.6,333.21,82.042,17.234,3.5727,147.66,167.28,156.95
86,17,46,196.94,58.223,34.89,33.23,3.3771,47,205.84,67.003,36.804,33.796,3.6656,48,215.35,75.414,39.518,33.424,3.8292,49,223.01,84.667,38.4,32.175,3.7995,50,231.76,92.452,37.559,31.369,3.3608,51,238.69,100.39,37.527,30.936,3.4071,52,244.03,115.89,45.15,40.518,3.7665,55,263.29,124.89,39.695,32.635,0.8046,56,263.98,134,42.38,38.359,2.0451,57,266.99,137.8,44.096,37.117,2.3029,58,272.43,138.41,41.916,34.645,2.3129,60,275.46,146.78,46.65,31.153,2.1063,61,278.45,145.5,46.312,27.887,2.2881,62,280.64,149.12,47.586,28.624,2.2285,63,280.3,149.63,42.789,25.77,2.2709,64,283.63,147.46,50.894,28.206,1.991,65,286.31,151.72,46.886,24.483,2.2888,137.45,157.39,171.12
92,42,48,394.86,90.51,55.4,18.541,3.5268,49,402.76,98.986,55.409,18.89,3.5269,50,409.95,107.29,56.155,18.953,3.5215,51,416.68,114.94,56.306,19.245,3.5142,53,428.08,126.45,58.32,19.677,3.5085,54,433.52,131.63,59.602,20.208,3.5184,55,436.91,134.86,62.355,21.352,3.5689,56,442.68,138.85,63.12,21.651,3.5658,57,448.31,142.56,64.005,21.964,3.5715,58,453.84,145.47,64.996,22.464,3.575,59,456.94,142.6,67.674,33.051,3.6087,60,465.1,148.49,66.619,22.846,3.568,61,470.78,149.62,67.635,23.224,3.5734,62,476.86,150.32,68.304,23.526,3.5716,63,482.24,150.69,68.839,24.01,3.5731,64,488.48,152.8,69.937,24.42,3.5865,65,494.24,154.62,71.105,24.659,3.5957,66,496.57,153.21,75.856,28.944,3.6,67,504.53,156.04,72.217,25.379,3.5975,68,507.64,156.39,78.453,26.23,3.5662,69,514.69,157.57,74.688,26.289,3.6043,70,519.41,157.94,75.714,26.635,3.6069,71,521.02,156.02,80.936,31.072,3.607,72,525.62,151.79,79,39.176,3.6345,73,529.82,154.33,82.421,32.049,3.6003,74,534.4,154.37,83.46,32.31,3.5882,75,539,153.99,84.331,32.898,3.5825,76,544.51,155.91,85.385,29.396,3.5289,77,551.82,156.61,80.926,29.264,3.5562,78,554.14,155.72,87.261,30.289,3.501,79,558.51,155.02,88.999,30.815,3.4784,80,565.93,154.41,83.371,30.625,3.5055,81,568.4,151.43,83.459,30.775,3.4758,82,569.31,146.54,84.76,31.206,3.4464,83,568.85,140.7,85.756,31.5,3.4137,84,563.32,131.83,93.179,36.676,3.3719,85,564.51,123.81,87.764,35.775,3.3948,86,563.16,117.69,88.931,32.413,3.3056,87,557,109.37,96.259,33.148,3.2278,88,554.23,100.78,97.114,33.331,3.2015,89,552.38,93.154,99.89,34.003,3.1734,90,550.44,85.458,100.62,34.267,3.1554,29.25,31.663,30.845
94,22,49,39.797,55.152,92.774,35.985,3.8484,55,40.527,52.58,96.309,54.067,0.8978,56,42.688,52.283,96.101,56.072,0.89542,57,43.817,51.639,95.553,56.518,0.88531,58,45.097,50.769,94.296,57.726,0.87053,59,45.43,47.437,89.549,57.151,0.84246,60,47.028,46.909,87.467,58.062,0.82889,61,49.62,46.291,86.464,58.823,0.78548,62,52.15,45.418,84.024,59.66,3.8922,63,54.665,45.394,82.614,60.385,3.8895,64,58.748,44.922,84.415,59.679,3.8457,65,63.155,44.491,86.67,58.507,3.8247,66,66.056,43.939,86.141,58.603,3.8069,67,68.376,42.937,84.079,58.313,3.7773,68,70.535,43.708,85.685,59.691,3.7545,69,73.288,42.656,85.224,57.932,3.7603,70,74.811,42.782,85.791,58.384,3.7433,71,76.518,42.506,85.635,58.204,3.741,72,76.959,43.239,84.558,60.078,3.7417,73,77.236,43.086,80.02,60.905,3.7512,74,78.225,43.898,79.747,62.155,3.7735,75,79.103,43.768,76.553,63.11,3.8006,97.117,121.08,117.43
100,19,50,191.94,84.385,100.25,46.066,3.5356,51,199.77,92.394,103.07,45.415,3.5341,53,208.83,104.58,103.47,44.813,3.5544,54,213.67,109.19,103.32,45.336,3.5519,55,218.43,112.96,103.04,46.193,3.5478,58,228.65,121.98,100.9,48.882,3.5579,59,231.4,123.73,99.484,49.327,3.555,60,233.07,124.65,96.568,49.534,3.5735,61,235.75,124.5,94.932,51.092,3.5562,62,238.29,124.61,93.717,51.558,3.5565,63,237.51,123.67,87.517,50.929,3.5471,66,247.79,122.16,83.336,53.563,3.5428,67,248.04,121.85,79.888,53.47,3.5521,68,246.21,119.87,71.441,55.335,3.5768,69,251.76,119.35,63.744,52.904,3.8927,70,251.13,119.17,68.402,53.768,3.4426,71,253.01,119.84,69.95,54.975,3.4058,72,252.68,118.71,67.581,50.242,3.0706,73,253.46,120.57,69.384,51.525,3.0617,117.52,138.5,149.54
103,49,52,101.67,28.319,48.626,36.088,3.4104,53,105.67,31.013,47.655,37.471,3.5403,54,113.86,35.618,54,37.597,3.6241,55,119.78,39.497,55.536,37.577,3.6485,56,125.04,41.928,56.586,37.294,3.6516,57,130.07,44.373,57.72,37.024,3.6524,58,134.85,46.618,58.157,36.874,3.6516,59,138.95,48.558,58.846,36.981,3.6481,60,142.86,50.554,59.818,37.705,3.6858,61,144.28,54.938,58.339,48.943,3.5052,62,148.48,55.76,59.441,51.02,3.5432,63,151.65,56.171,61.277,51.129,3.5499,64,157.11,54.203,61.613,50.083,3.5282,65,161.91,53.054,62.558,51.409,3.5284,66,169.82,49.521,63.714,39.513,3.7129,67,169.16,53.45,63.272,51.41,3.5583,68,176.99,49.433,64.131,39.838,3.7213,69,180.19,49.306,64.196,40.295,3.7206,70,182.45,49.178,65.13,41.022,3.7233,71,184.78,49.441,65.578,40.627,3.6999,72,185.54,50.629,66.89,41.042,3.6959,73,186.13,52.516,67.526,39.988,3.6697,74,187.4,53.843,68.797,39.816,3.6546,75,188.76,55.737,70.187,40.569,3.6643,76,190.37,58.424,70.247,39.75,3.6523,77,191.44,61.97,70.72,40.286,3.6586,78,191.62,67.604,71.047,45.538,3.7134,79,188.73,74.733,70.126,52.819,3.561,80,191.83,77.646,71.522,43.888,3.6694,81,186.89,85.116,70.224,51.54,3.5148,82,182.61,90.989,70.824,51.519,3.5013,83,177.08,97.123,71.104,50.867,3.4648,84,170.8,102.49,71.03,50.243,3.432,85,163.99,108.55,71.12,49.977,3.409,86,157.07,114.54,70.548,50.133,3.3638,87,151.78,119.13,70.317,47.727,3.4265,88,143.92,125.1,70.708,50.158,3.3146,89,139.39,128.04,70.636,47.286,3.3616,90,133.69,131.93,70.845,48.083,3.3344,91,128.39,135.04,71.153,48.923,3.2966,92,124.22,135.97,71.86,47.275,3.2849,93,119.77,137.28,72.108,48.039,3.2514,94,115.82,137.67,72.573,46.646,3.2447,95,112.38,137.13,72.875,45.775,3.2329,96,109.82,136.99,73.86,46.595,3.2637,97,107.14,136.04,74.107,45.068,3.2692,98,103.69,136.29,74.108,46.231,3.2941,99,98.23,138.72,73.454,46.019,3.2606,100,88.201,145.72,74.544,46.804,3.1919,211.65,219.78,224.36
105,42,52,173.73,86.041,49.765,44.057,2.5533,53,179.91,87.031,36.688,30.302,2.2662,54,185.79,92.268,36.845,31.214,2.1596,55,191.17,95.982,36.667,30.671,2.1468,56,193.58,102.92,50.742,43.406,2.6691,57,197.66,106.2,52.837,43.714,2.745,58,200.97,106.05,46.547,32.072,2.6967,59,205.56,108.47,46.754,31.68,2.7111,60,210.55,110.2,46.333,31.187,2.7027,61,214.93,110.32,47.087,31.835,2.7768,62,219.39,110.21,47.137,32.158,2.7855,63,230.36,109.25,40.665,29.241,2.4483,64,232.61,108.87,36.692,27.626,2.2238,65,237.88,108.09,37.54,27.085,2.2268,66,244.22,108.35,40.664,28.836,2.4565,67,245.24,108.87,36.785,27.344,2.2823,68,249.42,108.46,36.773,26.941,2.2302,69,252.81,108.32,36.474,26.856,2.2128,70,255.13,108.2,36.68,26.203,2.2753,71,257.86,108.57,36.69,26.277,2.2358,72,259.63,109.38,36.288,25.721,2.2786,73,261.47,110.72,35.967,25.925,2.2605,74,263.8,111.96,34.608,25.843,2.1907,75,268.15,113.84,43.339,37.53,2.9946,76,270.24,116.37,43.144,37.281,3.0077,77,272.25,119.01,43.879,38.187,3.0327,78,274.33,122.64,43.55,38.122,3.0639,79,276,126.71,42.251,37.582,3.0123,80,276.92,130.54,42.608,37.716,3.0169,81,276.5,133.98,42.469,37.807,3.0065,82,274.04,137.06,42.712,37.773,2.9553,83,270.14,139.46,42.72,36.4,2.8129,84,264.22,141.74,43.361,36.01,2.7453,85,258.13,144.14,42.473,34.478,2.5806,86,251.04,146.68,41.022,33.446,2.4284,87,244.42,148.69,40.591,32.226,2.3377,88,237.71,150.44,40.118,30.578,2.2389,89,231.5,151.73,39.163,28.776,2.1396,90,225,152.34,39.926,27.198,2.1744,91,219.5,152.96,38.51,25.119,2.0278,92,213.87,152.69,37.853,22.835,2.0187,93,208.13,152.87,36.396,19.499,1.9752,118.21,141.91,155.52
107,27,54,468.57,290.89,189.74,36.753,3.7255,56,471.08,299.58,152.45,37.993,3.6988,57,470.64,302.91,146.58,39.3,3.6967,58,460.97,298.73,157.96,39.134,3.6902,59,461.36,298.93,156.18,39.95,3.6863,63,459.29,299.64,130.99,48.343,3.6905,64,475.84,286.44,138.03,33.12,3.5126,68,490.57,297.81,150.41,35.53,3.5493,69,488.5,297.34,153.4,31.598,3.5727,70,497.38,302.43,141.91,32.499,3.5642,71,508.7,303.06,128.58,37.337,3.5317,72,509.74,302.36,143.05,37.994,3.5374,73,508.69,302.07,160.82,38.309,3.537,74,510.73,308.39,165.11,34.698,3.5523,75,513.44,309.88,171.33,34.943,3.5439,76,519.86,312.75,171.24,35.94,3.5394,77,528.23,310.45,171.76,40.421,3.4918,78,536.2,319.36,173.83,41.999,3.474,79,526.72,314.71,196.39,35.241,3.4856,80,539.25,318.5,186.83,36.083,3.4499,81,536.98,315.76,202.66,35.804,3.4456,82,556.07,309.32,184.96,51.653,3.3607,83,562.68,307.95,176.19,53.517,3.3293,84,561.49,302.02,180.48,54.928,3.2942,85,561.35,295.21,182.49,55.504,3.245,86,558.77,287.75,188.18,55.521,3.1933,89,519.97,283.82,192.24,14.037,3.3198,124.3,136.83,132.11
112,12,61,172.24,64.637,33.45,23.978,1.9128,62,177.37,64.989,33.449,23.137,1.8903,63,181.91,65.575,34.719,20.932,1.8454,64,186.63,65.603,34.311,20.845,1.9342,65,191.1,64.15,34.402,22.413,1.9262,66,194.52,64.975,33.587,21.71,1.996,67,197.14,64.118,34.317,24.475,1.961,68,200.15,63.708,33.323,23.615,2.0117,69,203.06,63.726,33.437,24.039,2.0159,70,205.82,63.937,33.543,24.341,2.0132,71,208.14,64.243,33.568,24.244,2.0332,72,209.7,65.894,33.626,24.527,2.009,227.16,229.84,232.88
114,42,64,320.31,174.95,47.844,30.76,1.5316,65,324.79,174.88,52.21,33.355,1.5047,67,329.5,174.45,52.794,36.199,1.4783,70,335.27,173.59,55.699,40.441,1.4669,71,336.84,174.84,54.375,42.575,1.4147,72,338.61,176.85,54.451,44.319,1.341,73,339.99,177.49,55.611,45.835,1.2056,74,341.42,179.12,54.949,47.432,1.0642,75,343.94,180.8,55.26,49.01,1.071,76,346.42,183.77,55.468,50.121,0.91072,77,348.08,186.67,55.934,51.102,3.8094,78,350.3,190.82,58.67,50.253,3.6618,79,351.89,195.25,61.211,49.828,3.5725,80,352.92,198.65,63.419,49.46,3.4746,81,352.58,201.35,64.406,49.045,3.3852,82,351.22,203.7,67.281,49.31,3.3425,83,348.92,204.9,69.492,49.845,3.2901,84,345.99,206.21,73.077,50.543,3.277,85,341.55,206.79,74.57,50.63,3.2156,86,337.17,206.55,78.056,52.683,3.2578,88,326.85,204.23,85.434,56.307,3.3109,89,322.52,203.34,90.415,57.272,3.3349,90,317.63,202.4,93.833,58.321,3.3207,91,313.74,201.23,95.597,59.127,3.2793,92,323.39,193.97,91.962,49.718,3.4696,93,319.98,192.5,91.463,50.685,3.4687,94,317.23,191.08,92.15,51.188,3.452,95,316.51,189.89,93.993,52.004,3.4443,96,316.22,188.78,96.577,52.952,3.4417,97,313.12,187.23,96.796,53.691,3.4384,98,311.76,186.27,98.225,54.739,3.4186,99,308.61,185.49,101.56,55.337,3.3958,100,301.89,184.66,102.32,56.767,3.3398,101,294.01,185.08,104.34,57.625,3.2913,102,285.25,186.32,104.84,59.025,3.246,103,277.45,187.98,107.66,59.6,3.2108,104,268.02,189.3,108.95,61.017,3.1677,105,261.56,191.02,112.1,61.735,3.1301,106,253.18,193.26,115.27,62.279,3.0945,107,245.36,195.26,118.8,62.775,3.0446,108,237.39,197.75,120.82,65.161,3.005,109,228.14,200.31,121.52,65.459,2.9445,106.81,122.84,128.36
118,20,67,488.25,332.12,77.685,9.0717,3.6644,68,470.48,323.17,104.71,18.487,3.7825,69,469.75,324.12,102.44,20.153,3.7909,70,472.94,326.03,94.123,18.596,3.7918,71,474.34,327.17,89.739,18.467,3.8021,72,475.63,327.99,83.443,17.505,3.8363,73,476.45,329.09,80.861,18.683,3.8625,74,478.09,330.2,77.509,18.642,3.8831,75,479.21,330.63,73.807,18.535,3.9003,76,481.55,331.7,69.781,17.813,3.9162,77,483.03,331.96,66.421,17.831,3.9099,78,486.88,332.88,62.328,16.809,3.9187,79,490.07,333.38,57.945,15.814,3.9145,80,494.74,334.47,54.866,15.796,3.9017,81,499.56,334.98,54.726,15.878,3.8696,82,505.75,335.3,56.229,16.297,3.8358,86,543.55,333.48,106.83,20.442,3.5501,87,554.2,331.39,114.4,20.899,3.5271,88,559.99,327.97,115.01,21.805,3.5196,89,574.57,325.73,109.77,19.008,3.5552,138.17,153.03,157.14
120,9,69,97.014,116.85,91.529,11.808,3.495,73,88.023,115.89,90.402,12.129,3.4843,74,84.908,115.89,88.052,12.354,3.4851,75,83.483,117.25,88.457,12.507,3.485,76,82.431,119.82,89.922,12.598,3.4858,77,80.036,122.47,90.172,12.785,3.4856,78,77.44,126.21,90.401,12.762,3.4826,79,75.405,130.86,90.683,12.974,3.4774,80,72.305,135.99,91.703,13.167,3.4745,78.262,91.114,68.661
122,17,72,507.29,198.94,35.715,20.438,3.5331,73,512.03,198.93,36.543,20.313,3.5369,74,517.13,200.14,37.843,21.106,3.5254,75,521.59,200.61,37.045,21.413,3.5181,76,527.04,201.48,37.963,21.585,3.5235,77,532.17,202.95,37.847,22.345,3.4989,78,537.99,203.63,38.787,22.837,3.4833,79,543.06,204.06,39.124,23.071,3.4552,80,547.8,203.64,39.578,23.029,3.4461,81,551.29,201.86,40.57,23.875,3.4024,82,553.68,198.06,41.078,24.343,3.36,83,554.26,192.91,41.169,24.273,3.3487,84,554.32,186.68,42.745,24.794,3.31,85,554.55,179.83,42.899,24.936,3.2735,86,553.39,172.73,44.246,25.402,3.2383,87,552.8,165.31,43.685,26.28,3.1627,88,552.76,157.2,43.978,26.192,3.172,68.852,74.689,73.158
124,15,75,248.46,148.36,80.448,13.063,3.6192,76,251.22,151.45,69.765,13.664,3.6137,77,250.23,153.62,69.124,14.162,3.6129,78,240.16,153.48,93.506,15.895,3.5139,79,239.98,157.29,94.609,16.336,3.5034,80,239.05,161.12,93.742,16.98,3.485,81,237.82,164.98,94.682,17.253,3.4623,82,234.56,168.81,96.612,17.884,3.4305,83,229.31,172.42,97.394,18.243,3.4049,84,223.75,176.22,99.019,19.055,3.3777,85,229.6,182.04,67.751,20.408,3.3746,86,225.07,185.82,69.006,20.844,3.3349,87,205.5,187.6,98.287,20.095,3.252,88,200.18,190.92,99.661,20.675,3.2136,89,208.61,193.76,66.908,23.001,3.2125,142.1,148.95,152.93
126,11,78,218.6,81.995,35.015,26.565,1.9504,79,219.3,86.786,36.624,27.83,1.96,80,219.1,91.367,34.833,26.464,1.9357,81,217.88,96.367,36.487,27.787,1.9434,82,214.2,101.11,36.574,27.916,1.9335,83,209.3,106.02,36.731,27.992,1.8952,84,203.14,110.86,36.665,28.051,1.8779,85,196.15,115.9,36.883,28.079,1.8576,86,189.06,120.74,37.092,28.202,1.8404,87,182.22,125.19,36.636,27.956,1.8171,88,175.82,129.58,37.283,28.596,1.786,253.14,253.45,253.77
127,11,78,168.59,55.982,39.173,22.597,2.0764,79,168.1,60.197,39.695,23.104,2.0536,80,166.83,65.314,39.755,21.465,2.0473,81,163.83,69.684,40.389,21.05,2.0255,82,158.81,75.115,40.651,19.671,2.0184,83,151.37,81.246,41.223,16.72,1.9832,84,144.26,87.729,41.512,16.695,1.9592,85,136.31,94.616,41.875,16.833,1.9331,86,127.84,100.8,41.902,16.111,1.8986,87,119.29,107.1,42.115,15.144,1.8691,88,111.14,112.97,41.943,14.44,1.8399,247,247.57,248.89
128,14,79,579.88,296.3,43.954,39.182,2.2763,80,587.98,296.67,44.349,37.456,1.9352,81,592.13,298.72,45.86,36.115,2.8224,82,591.67,313.79,47.016,26.568,2.8506,83,597.62,308.99,48.212,25.947,2.7906,84,602.43,301.75,47.862,26.583,2.7373,85,606.95,294.47,48.15,26.656,2.6796,86,612.54,286.2,48.552,27.062,2.6049,87,620.64,269.95,60.658,29.801,2.1199,88,613.84,273.31,66.99,42.304,1.8119,89,616.19,256.03,52.682,38.94,2.0707,90,623.31,251.92,51.634,27.251,2.0438,91,622.15,249.18,42.857,25.751,2.061,92,624.01,244.27,43.152,23.692,1.95,120.24,178.05,172.88
134,9,88,135.98,119.85,40.867,15.278,1.8028,89,129.17,123.79,41.196,16.289,1.764,90,123,127.47,41.736,16.572,1.7374,91,117.43,130.4,41.728,16.675,1.7189,92,110.91,131.41,42.41,19.143,1.703,93,105.22,132.7,42.719,20.962,1.6932,94,100.12,133.7,43.394,22.684,1.6744,95,95.694,133.33,43.245,23.291,1.663,96,91.598,132.62,43.481,24.263,1.6528,248.94,249.76,250.98
135,10,88,399.79,173.22,33.902,22.472,1.7719,89,397.48,170.79,34.206,22.61,1.7346,90,395.48,167.87,34.607,23.988,1.6685,91,391.62,164.41,34.377,18.5,1.8466,92,389.93,162.17,33.937,18.787,1.8412,93,388.51,160.84,33.703,18.696,1.7977,94,387.74,158.77,33.403,18.076,1.7821,95,387.15,156.65,32.841,18.722,1.7397,96,386.9,154.82,33.458,19.988,1.681,97,390.89,165.29,57.9,23.269,1.298,163.45,164.36,166.44
136,10,89,31.073,112.45,88.892,43.411,1.6318,90,28.982,120.94,98.781,43.695,1.4916,91,27.168,126.67,108.77,42.294,1.4521,92,25.016,131,115.09,40.443,1.4794,93,23.224,132.64,119.55,38.261,1.4817,94,21.135,134.51,117.93,34.849,1.4703,95,18.961,136.07,118.99,32.143,1.4839,96,17.002,136.6,120.97,29.636,1.4908,97,16.071,135.9,125.92,28.935,1.4871,98,14.28,130.21,132.75,24.5,1.5139,247.54,249.66,248.63
138,23,91,338.43,98.157,55.807,17.624,3.0822,92,330.35,94.893,46.449,16.166,2.9524,94,329.29,89.704,58.222,18.276,3.0239,95,327.78,86.827,59.832,18.496,3.0192,96,321.54,83.871,49.706,16.479,2.8981,97,325.34,80.882,62.009,18.921,2.9977,98,322,78.034,62.295,18.718,2.9702,99,316.58,74.687,61.032,19.09,2.9434,100,305.62,72.24,58.918,17.896,2.8859,101,289.47,71.414,51.496,15.799,2.7893,102,277.25,70.837,52.952,16.159,2.748,103,268.64,69.216,61.825,17.792,2.7502,104,253.4,69.339,56.184,16.578,2.6632,105,241.38,68.771,56.066,16.463,2.6404,106,230.23,68.333,57.325,16.359,2.6074,107,219.63,68.557,61.784,17.431,2.5651,108,212.15,67.306,73.423,19.501,2.562,109,196.08,70.58,63.053,17.684,2.4901,110,185.73,70.978,64.889,17.719,2.458,111,175.86,71.404,64.397,17.264,2.4379,112,169.85,69.422,69.991,18.968,2.3948,113,164.12,67.475,70.963,18.846,2.3905,114,159.12,64.461,72.309,19.151,2.3919,45.062,48.429,55.978
140,10,92,332.02,179.39,39.65,23.877,1.6651,93,330.2,179.19,39.714,24.347,1.6241,94,328.76,176.41,39.312,24.403,1.5956,95,327.13,175.65,41.217,25.333,1.6239,96,326.64,174.29,42.377,25.716,1.5886,97,325.8,173.56,43.455,26.31,1.6102,98,323.84,170.65,42.41,26.507,1.6001,99,318.93,170.28,43.673,27.704,1.6303,100,312.1,165.33,39.178,27.237,1.6691,101,303.74,166.16,41.659,28.38,1.6964,171.64,194,211.74
142,33,92,547.26,208.82,48.127,20.996,3.3057,93,542.7,245.17,52.154,16.811,3.2666,94,547.32,243.11,52.266,16.176,3.2228,95,551.8,241.43,53.146,16.447,3.2139,96,557.07,239.49,55.835,17.695,3.1914,97,561.72,238.11,56.142,18.123,3.1821,98,564.91,234.82,58.334,19.17,3.202,99,567.9,228.89,58.888,18.984,3.1717,100,571.01,220.65,60.905,21.054,3.1829,102,557.91,230.34,60.783,12.769,3.0814,103,558.26,221.98,61.322,13.385,3.0382,104,526.35,220.25,121.04,15.944,2.9846,105,516.09,219.48,128.03,26.21,2.8741,106,529.07,205.64,125.29,17.494,2.9147,107,523.69,211.69,118.98,39.608,2.8239,108,525.92,203.7,120.35,40.611,2.7771,109,531.3,194.68,119.76,40.777,2.7642,110,533.77,185.21,123.68,37.065,2.7226,111,537.05,182.48,124.04,39.671,2.7047,112,543.11,179.99,124.29,39.668,2.7044,113,549.42,179.05,124.42,39.551,2.7072,114,556.07,164.2,149.54,14.293,2.781,115,552.05,169.06,160.43,14.944,2.7785,116,554.26,172.94,162.24,15.833,2.7766,117,558.72,176.62,159.68,16.416,2.7768,118,559.43,181.67,159.47,16.893,2.7743,119,555.85,189.94,161.39,17.538,2.7799,120,558.64,198.31,157.67,17.984,2.784,121,559.5,208.88,154.38,18.511,2.794,122,561.25,221,149.26,18.781,2.8095,123,562.02,235.13,142.72,18.317,2.8385,124,560.81,248.68,133.32,20.519,2.8675,125,561.66,262.48,123.49,23.844,2.8926,102.82,121.71,117.22
144,15,93,279.61,190.24,66.004,33.983,0.90873,94,278.92,191.03,69.963,33.85,0.87719,95,275.06,186.51,69.221,35.173,0.88209,96,273.04,185.31,69.552,35.12,0.87105,97,270.89,183.77,70.485,35.319,0.86853,98,269.65,186.7,72.853,36.163,0.88338,99,262.54,184.7,70.645,37.708,0.89767,100,256.11,187.17,72.395,37.365,0.88293,101,246.91,189.03,71.18,39.851,0.84413,102,237.76,191.85,71.989,41.185,0.82093,103,229.4,195.25,72.696,41.538,3.9248,104,220.5,198.56,72.303,42.457,3.8985,105,213.17,202.34,73.58,43.475,3.8561,106,203.05,204.76,72.575,42.335,3.9173,107,194.52,208.4,74.717,43.858,3.8993,196.77,205.68,203.02
145,13,93,289.5,229.02,71.229,11.245,3.2638,95,283.62,228.29,78.601,12.3,3.2447,97,277.07,227.62,88.363,13.782,3.2261,98,272.52,227.67,94.935,14.906,3.2077,99,267.01,228.79,105.12,16.387,3.1697,100,268.07,229.44,94.476,11.746,3.1962,101,260.45,232.66,97.553,12.096,3.1555,102,252.39,236.38,99.993,12.463,3.119,103,246.46,239.84,105.93,13.113,3.0775,104,238.05,243.7,107.59,13.629,3.0437,105,231.78,247.58,111.73,14.384,3.0066,106,225.55,251.98,116.15,15.079,2.9735,107,218.1,257.38,120.63,15.958,2.94,129.99,139.36,142.02
149,9,95,519.13,263.82,184.59,19.868,3.1445,96,491.57,264.93,143.1,15.843,3.1623,97,494.51,264.75,143.47,16.531,3.1521,98,504.41,262.26,140.51,15.414,3.1552,99,504.71,257.95,134.72,15.78,3.1228,100,492.34,255.32,138.16,21.441,3.049,101,493.48,249.54,140.73,22.688,3.0019,102,499.69,241.34,144.21,20.342,2.9734,103,496.9,237.07,147.78,22.392,2.9245,136.87,148.37,145.31
155,16,98,385.79,153.24,37.437,20.472,1.6819,99,382.3,150.67,37.784,21.009,1.6506,100,378.11,149.69,40.278,23.686,1.4097,101,371.78,149.42,46.26,26.402,1.2303,102,363.45,148.77,50.872,24.893,1.3379,103,355.41,143.33,44.501,26.43,1.3182,104,348.07,141.21,46.951,27.192,1.2897,105,340.54,138.32,46.762,27.962,1.2522,106,334.18,136.62,48.128,29.164,1.2012,107,327.69,135.04,49.841,31.147,1.1665,108,321.14,133.65,46.762,32.752,1.1612,109,314.41,133.37,48.814,33.31,1.1789,110,309.2,133.2,50.197,36.392,1.0777,111,304.36,132.63,50.296,38.553,0.9648,112,301.65,133.86,51.343,41.209,0.99831,114,298.63,137.24,54.215,45.026,3.7391,184.22,185.86,189.01
163,8,100,207.88,160.28,52.893,23.601,1.5202,101,193.82,163.89,54.427,29.414,1.4263,102,179.71,170.04,56.231,35.698,1.3698,103,169.51,179.91,64.691,35.418,1.4964,104,156.08,189.8,67.492,40.466,1.6581,105,146.38,196.37,71.213,41.7,1.6457,106,137.65,203.47,74.153,41.646,1.6576,107,128.85,211.4,77.372,42.36,1.6737,146.22,175.3,182.57
168,8,101,566.61,165.5,56.29,10.642,3.126,103,555.96,146.47,59.299,17.336,3.074,104,550.51,137.02,59.469,17.033,3.0339,105,549.75,126.92,48.323,12.416,3.0021,106,540.07,119.46,62.149,16.806,2.9443,107,544.42,108.38,44.549,18.146,2.9689,108,527.8,102.44,65.003,15.963,2.8804,109,522.35,94.697,66.849,16.081,2.8476,219.41,229.64,233.45
172,21,101,570.36,209.77,62.248,21.915,3.1452,102,569.81,200.01,64.122,22.555,3.1217,103,569.3,190.67,65.344,22.782,3.086,104,568.84,181.06,65.686,22.832,3.0315,105,567.01,171.83,64.744,22.633,3.0429,106,566.83,162.14,65.067,22.987,3.0113,107,567.04,152.02,65.766,23.335,2.9831,108,567.91,141.67,66.525,23.621,2.9437,109,568.02,132.26,69.001,23.979,2.9288,110,567.4,123.96,69.792,24.325,2.9163,111,568.5,117.82,70.405,24.657,2.896,112,571.42,114.77,70.284,25.448,2.9013,113,576.7,112.73,70.122,25.966,2.9012,114,583.09,111.44,69.304,26.725,2.8995,115,587.12,110.8,66.703,27.002,2.8633,116,592.79,111.34,62.761,28.055,2.8353,117,599.15,111.77,59.439,28.928,2.8019,118,604.49,111.98,54.141,30.1,2.7462,119,609.62,113.74,48.227,31.335,2.651,120,615.12,118.06,41.113,31.361,2.3603,121,621.09,123.56,37.809,26.918,1.7955,116.68,146.16,146.16
174,24,102,295.6,169.58,45.016,29.674,1.5766,103,288.32,168.38,41.533,32.76,1.5857,104,278.91,168.05,42.145,30.328,1.6118,105,271.35,169.04,42.997,30.818,1.5932,106,265.28,171.3,43.127,34.807,1.5309,107,258.21,172.47,43.904,34.888,1.5215,108,249.02,176.49,40.493,31.993,1.0149,109,247.73,181.64,55.447,33.083,3.7385,110,251.43,185.43,82.324,46.41,3.4315,111,245.96,187.03,84.755,47.251,3.4043,112,241.57,188.51,85.861,47.723,3.4101,113,238.72,190.26,88.834,48.408,3.4036,114,233.75,190.4,89.034,49.245,3.4121,115,231.83,192.15,92.397,50.842,3.3939,116,233.19,200.15,95.513,38.518,3.2681,117,232.22,200.68,96.337,38.732,3.2812,118,225.87,200.26,80.793,38.009,3.3519,119,223.27,193.44,92.347,54.594,3.5436,120,223.9,201.44,83.71,40.003,3.3443,121,221.42,197.39,88.315,44.961,3.4418,122,222.48,200.06,86.932,43.042,3.3847,123,223.25,197.61,96.9,45.561,3.3946,125,220.85,192.27,98.459,52.958,3.484,127,225.38,196.41,124.14,62.507,3.8692,182.98,204.96,217.78
188,17,105,141.64,185.48,37.914,28.556,1.5194,106,132.95,192.3,38.608,29.891,1.617,107,126.45,199.65,38.94,32.223,1.6077,108,124.01,211.3,61.971,36.507,1.4755,109,116.41,217.89,62.901,36.645,1.4389,110,109.41,224.74,64.516,36.934,1.3905,111,102.51,229.04,64.899,36.785,1.3759,112,96.008,231.67,65.31,36.379,1.3726,113,90.022,233.33,66.979,36.324,1.3614,114,84.127,234.46,68.013,35.838,1.3601,115,78.423,234.98,68.296,35.105,1.3626,116,73.143,235.25,70.491,34.848,1.3725,117,68.244,235.14,71.878,34.147,1.3775,118,63.382,235.53,73.545,33.539,1.382,119,58.394,233.51,74.455,32.686,1.3941,120,53.578,230.83,76.242,31.924,1.4078,121,48.873,226.63,76.657,30.626,1.4313,215.74,235.74,241.14
191,8,105,625.87,108.14,61.472,24.2,1.5171,106,628.34,101.94,58.188,18.986,1.5368,107,627.52,89.334,58.091,20.419,1.5271,108,625.2,80.515,53.921,19.895,1.3828,109,623.75,69.253,53.685,20.26,1.3208,110,622.65,58.671,53.04,21.366,1.2665,111,622.16,51.486,49.702,22.554,1.248,112,622.96,46.679,47.5,21.995,1.2565,170.46,188.07,189.47
195,21,106,573.47,109.85,125.2,44.798,2.8327,107,573.12,98.713,127.33,44.658,2.8358,108,570.18,89.243,135.56,43.905,2.8031,109,568.61,79.582,138.68,42.856,2.7979,110,565.3,72.118,141.41,41.123,2.7924,111,561.71,66.675,145.05,39.582,2.7775,112,559.67,64.214,144.78,38.01,2.7689,114,556.98,62.673,139.31,34.832,2.7364,115,556.91,64.441,132.13,34.164,2.7132,116,556.43,66.797,123,36.472,2.7139,117,558.73,68.349,107.34,37.877,2.7591,118,562.93,69.728,105.67,34.644,2.7824,119,568.84,69.963,103.37,42.244,2.7099,120,576.63,72.391,97,41.945,2.6894,121,583.17,75.38,92.291,48.038,2.5535,122,591.22,79.103,85.378,49.8,2.4299,123,596.57,87.409,70.972,54.5,2.2407,124,604.95,92.419,72.107,53.352,1.6801,125,617.48,100.92,101.79,38.422,1.513,126,627.67,94.116,98.517,21.551,1.5257,132,628.46,94.053,55.739,16.96,1.4154,156.46,178,180.85
204,9,108,176.32,210.42,68.834,22.943,1.2039,109,168.71,214.6,69.546,22.954,1.1874,110,178.87,224.04,83.714,45.798,3.6825,111,171.87,227.52,85.406,46.914,3.6748,112,163.7,228.89,81.082,47.62,3.7342,113,157.84,230.53,82.209,48.368,3.7491,114,151.91,231.74,82.832,49.185,3.7801,115,150.57,234.3,89.656,49.444,3.7194,116,142.3,233.48,84.321,50.975,3.8082,229.35,233.7,232.47
205,9,108,371.72,236.69,72.981,9.2165,2.8418,109,370.79,236.55,76.217,9.9906,2.8094,110,370.05,237.06,82.533,10.896,2.7834,111,369.91,239.05,84.278,11.698,2.7584,112,370.97,241.87,89.62,13.031,2.7539,113,372.2,245.19,93.456,14.273,2.7479,114,374.05,249.15,98.718,15.09,2.7418,116,381.13,258.56,110.05,18.454,2.7371,117,387.83,263.83,121.31,20.628,2.7467,94.942,101.86,97.277
206,20,109,167.86,275.11,131.49,12.105,2.8975,110,165.18,282.01,137.6,14.305,2.8823,111,158.6,288.38,150.56,15.379,2.8728,112,142.44,293.5,153,13.115,2.8446,113,140.44,296.73,151.22,15.723,2.8568,114,140.2,299.26,151.26,17.761,2.8773,115,128.72,300.99,147.66,14.413,2.8681,116,126.59,303.58,149.31,17.401,2.8902,117,121.36,305.74,147.74,17.431,2.898,118,117.46,309.01,146.28,20.535,2.915,119,111.86,309.77,146.99,20.606,2.9354,120,105.13,308.61,147.87,19.05,2.9613,121,101.12,309.1,143.98,22.326,2.9867,122,95.269,306.03,143.51,21.332,3.024,123,90.13,303.87,138.33,23.213,3.0606,124,86.058,302.55,132.85,25.785,3.0916,125,79.085,303.1,123.78,31.111,3.0992,126,74.404,301.49,117.82,32.794,3.1268,127,68.805,298.68,109.06,33.887,3.1723,128,64.632,293.87,102.02,32.207,3.2405,134.26,151.38,147.45
207,8,110,531.59,82.971,40.341,17.834,2.8531,111,512.19,83.554,69.642,16.048,2.8014,114,514.03,78.626,63.763,16.444,2.7969,115,516.78,77.967,61.188,17.363,2.7941,116,520.89,77.534,57.119,18.458,2.7986,117,525.16,78.037,53.616,19.25,2.8002,118,528.66,77.875,49.948,19.013,2.8005,119,534.9,78.838,44.594,22.706,2.785,211.12,227.32,230.96
208,9,111,384.24,78.516,50.325,23.953,1.4012,115,385.6,65.356,55.963,27.382,1.336,116,388.73,62.164,57.628,28.455,1.3388,117,392.11,58.13,59.241,29.678,1.3192,118,396.17,54.066,61.24,30.771,1.3076,119,401.21,50.01,63.335,31.714,1.2884,120,408.11,46.802,65.434,32.584,1.2811,121,416.31,44.98,65.597,32.526,1.256,122,426.26,45.1,63.12,32.409,1.2295,67.011,54.469,35.196
211,10,113,549.23,185.3,97.888,13.463,2.7705,114,562.64,181.88,99.901,8.868,2.8315,116,572.55,189.4,94.486,10.014,2.8388,117,573.89,202.11,86.874,22.235,2.7801,118,582.55,198.6,75.79,10.398,2.7941,119,590.58,205.15,64.128,11.714,2.7899,120,601.43,212.99,54.598,13.545,2.7791,121,613.08,222.88,39.256,15.666,2.7809,122,613.4,246.25,42.006,32.319,2.8577,124,564.61,252.88,153.99,14.018,2.8799,130.46,147.96,142.69
213,11,113,291.35,125.04,32.074,25.846,2.3346,115,286.15,121.65,32.482,26.308,2.2548,116,284.58,120.21,34.007,26.706,2.1959,117,283.03,118.91,34.424,25.627,2.1739,118,282.65,118.17,36.366,26.908,2.2005,119,282.37,116.04,36.263,24.921,2.3657,120,283.09,115.22,36.447,25.118,2.4402,121,284.02,113.7,37.078,23.404,2.5208,122,285.56,112.09,37.87,22.971,2.6192,123,287.42,109.18,39.508,21.576,2.7155,124,288.53,106.45,41.205,20.969,2.8021,183.67,188.37,190.13
215,16,113,269.66,62.249,34.121,21.737,2.0917,114,267.72,60.29,35.438,22.654,2.0756,115,266.2,58.104,36.268,22.448,2.0911,116,265.77,55.43,37.063,21.734,2.1556,117,266.08,53.47,37.421,21.51,2.2345,118,265.99,52.994,41.609,24.328,2.2002,119,266.46,49.985,42.588,23.716,2.3025,120,267.43,47.498,44.097,22.995,2.3432,121,272.85,47.529,43.951,33.248,2.5774,122,276.36,45.424,45.819,33.301,2.6666,123,280.08,41.526,47.013,31.979,2.745,124,283.76,37.037,49.382,28.763,2.8471,125,285.85,31.52,50.142,24.138,2.8909,129,293.66,35.409,69.068,25.718,2.4704,130,296.77,33.35,72.617,28.238,2.6323,131,301.89,30.723,71.755,29.524,2.7488,127.11,129.24,128.53
218,8,114,428.57,130.82,37.634,26.087,1.3184,115,440.81,133.68,48.924,14.188,1.2248,116,445.43,132.07,50.979,14.272,1.2387,117,451.1,131.91,52.511,14.154,1.2375,118,457.13,130.1,56.417,14.518,1.2428,119,465.48,126.34,60.899,16.453,1.3089,120,451.43,142.61,63.223,13.449,1.2824,121,460.24,143.78,65.588,14.246,1.3016,66.912,78.633,91.171
221,8,115,141.02,73.53,45.659,18.524,2.3059,116,136.99,69.505,46.184,18.282,2.3071,117,133.15,65.724,47.081,18.203,2.3066,118,129.65,61.825,48.006,18.295,2.2996,119,126.69,57.528,49.552,18.756,2.2906,120,124.65,51.597,50.35,18.55,2.2983,121,123.48,45.628,52.386,19.023,2.3024,122,123.03,37.346,52.361,18.494,2.3097,45.823,51.634,58.009
225,9,117,125.38,231.44,77.653,26.499,1.1987,118,121.41,231.56,78.791,27.048,1.2093,119,117.69,231.29,78.289,28.108,1.2348,120,124.85,232.73,84.01,50.683,0.84508,121,122.86,231.24,86.03,54.167,0.81711,122,119.37,229.33,86.147,54.835,0.84211,123,116.57,226.98,87.494,56.26,0.84095,125,105.71,219.81,91.913,56.521,0.89094,126,110.31,220.65,110,61.074,3.8516,221.51,227.98,227.96
226,29,117,349.77,145.99,38.668,25.516,0.92726,118,350.74,145.73,40.432,27.48,0.95154,120,351.34,145.14,44.56,27.74,0.94318,121,355.18,146.78,48.967,30.03,0.91167,122,356.4,147.82,50.219,29.625,1.0224,123,361.89,148.76,54.793,33.953,0.86038,124,363.85,148.13,55.708,35.69,0.86157,125,376.11,154.27,82.87,37.828,3.9062,126,372.67,147.51,70.114,41.487,0.87468,127,373.87,144.42,76.402,43.795,0.96705,128,380.65,139.31,83.293,50.753,1.0571,129,379.67,135.68,87.624,46.543,1.1724,130,380.44,135.11,89.722,44.392,1.1439,131,384.7,132.87,89.553,44.263,1.1312,132,393.67,135.8,94.069,45.115,1.1436,133,398.26,133.86,85.504,39.242,1.3152,134,411.09,135.61,83.936,38.052,1.3819,135,427.32,134.74,72.547,35.308,1.4351,136,447.54,142.62,75.276,35.618,1.4579,137,469.54,152.32,77.234,35.966,1.4914,138,492.05,162.42,80.012,36.196,1.5339,139,516.25,173.17,83.637,39.385,1.5936,140,538.26,183.79,87.303,38.917,1.6074,141,559.45,192.6,88.664,37.897,1.6176,142,581.61,202.86,90.261,37.039,1.6003,143,603.46,211.48,92.07,37.755,1.6045,144,616.53,219.22,100.78,34.263,1.5944,145,623.35,223.49,107.57,26.947,1.6083,146,630.55,226.35,102.54,16.271,1.6125,122.56,132.52,124.79
229,9,120,121.35,254.17,42.733,20.604,1.3797,121,117.65,252.29,44.4,20.448,1.4512,122,114.27,249.08,46.527,21.127,1.4886,124,119.78,240.84,70.665,49.694,3.3163,127,119.79,216.31,83.59,39.966,3.8354,128,114.41,218.51,80.548,36.359,3.757,129,107.63,213.22,83.591,49.688,1.0273,130,107.35,215.13,65.305,36.151,3.7631,131,104.7,209.08,57.651,35.018,0.83496,231.78,239.4,236.24
232,9,120,472.69,109.09,49.989,19.996,1.4663,121,481.29,106.62,44.235,17.624,1.3726,122,490.96,105.31,45.46,21.819,1.3334,123,506.3,108.23,50.813,27.059,1.2829,125,529.69,106.02,33.882,18.065,1.2141,126,547.07,107.41,39.117,16.539,1.3001,127,562.05,106.31,42.604,16.101,1.2732,128,581.1,106.91,45.307,14.83,1.2936,129,603.37,108.69,50.09,12.322,1.2978,115.58,123.45,133.06
246,8,124,512.34,114.15,58.843,42.256,1.555,125,518.26,111.56,69.427,47.448,1.1886,126,530.5,109.14,69.127,50.674,1.0463,127,545.79,108.09,69.415,50.662,1.0763,128,560.92,110,71.827,50.993,1.0669,129,580.3,108.61,69.893,46.232,0.9569,130,595.63,107.93,75.899,46.689,1.1139,131,612.19,116.51,103.8,32.324,1.3306,139.25,150.33,160.31
248,8,125,357.27,134.48,35.759,19.927,1.2252,126,360.54,131.59,39.532,18.384,1.2831,127,362.99,127.66,45.002,18.221,1.3147,128,364.48,124.41,50.944,21.293,1.2996,129,368.01,118.93,57.101,20.236,1.3116,130,373.16,115.54,59.294,17.012,1.3133,131,380.04,116.03,60.646,16.523,1.3294,132,388.44,117.34,62.609,17.576,1.3412,212.3,218.14,199.1
252,32,125,293.58,154.22,41.174,34.431,2.9256,126,293.62,150.22,41.169,37.373,3.0671,127,294.09,146.31,42.366,41.417,1.2864,129,298.53,134.99,55.769,44.96,1.7545,130,301.68,130.46,62.189,44.59,1.8122,131,307.17,129.83,63.256,46.427,1.7899,132,313.94,128.91,64.083,47.768,1.7989,133,324.13,129.35,65.07,49.812,1.7981,134,337.57,129.99,66.22,50.867,1.8207,135,353.58,132.4,67.512,51.438,1.8647,136,372.04,137.08,69.151,52.934,1.8769,137,392.37,143.03,70.602,52.512,1.9155,138,412.82,150.07,72.297,53.325,1.9588,139,433.51,157.34,74.224,53.936,2,140,454.33,165.35,76.217,54.772,2.026,141,454.11,171.37,69.45,24.812,1.8973,142,493.55,177.78,81.12,55.223,2.0829,143,511.5,182.9,84.003,55.153,2.0987,144,525.98,176.66,89.569,40.322,2.3632,145,543.17,177.3,89.23,42.536,2.35,146,557.28,174.59,93.343,42.556,2.3305,147,572.41,174.44,93.449,45.226,2.3005,148,583.02,173.47,93.453,44.132,2.2339,149,591.68,174.48,90.17,43.443,2.1041,150,597.34,173.04,91.965,36.945,1.9795,151,604.22,174.14,93.39,32.69,1.8671,152,612.6,175.82,93.405,35.977,1.7444,153,617.22,175.51,96.971,31.28,1.6868,154,621.83,174.75,101.2,27.476,1.6299,155,625.01,171.01,103.26,23.202,1.6146,156,628.59,167.95,105.06,17.946,1.605,157,632.67,168.86,105.78,11.77,1.599,189.96,194.58,196.32
257,17,126,289.09,23.718,54.041,22.496,2.9039,132,308.12,22.549,76.712,21.978,2.8992,135,359.97,24.133,68.777,26.866,2.8444,136,382.24,25.129,70.055,28.541,2.8627,137,406.35,28.404,71.447,29.83,2.8477,138,431.73,33.399,72.743,31.16,2.8806,139,457.55,36.801,68.95,28.321,2.9246,140,482.09,43.946,70.901,30.725,2.9508,141,504.54,48.613,70.906,30.651,2.9634,142,524.64,53.305,72.57,34.547,2.9622,143,544.86,55.04,72.787,33.833,2.9703,144,563.67,56.88,73.308,33.877,2.9649,145,579.34,53.415,72.826,30.693,2.9556,146,588.51,49.566,66.97,33.706,2.9213,147,597.48,45.302,60.461,34.761,2.8899,148,604.18,40.954,54.16,36.106,2.78,149,608.74,35.512,48.506,36.383,2.6644,127.97,128.76,128.54
285,30,132,241.96,144.76,55.492,17.616,1.5841,133,227.25,145.82,59.731,48.712,2.2739,134,236.78,144.31,62.399,51.186,2.3548,135,250.42,143.95,64.099,53.383,2.4066,136,268,142.6,62.889,51.826,2.4035,137,286.12,144.17,63.887,53,2.4612,138,305.69,146.07,63.976,52.808,2.4856,139,326.08,149.22,64.089,53.421,2.4835,140,346.04,152.41,64.367,52.569,2.4777,141,364.31,156.47,65.193,52.567,2.4902,142,382.54,160.14,65.286,52.602,2.4765,143,400.43,163.23,65.478,52.841,2.4565,144,417.77,166.07,66.308,51.99,2.3854,145,431.92,167.07,67.571,52.473,2.3869,146,445.25,166.68,68.591,53.384,2.3601,147,452.91,157.11,78.099,37.666,2.5038,148,464.52,156.49,79.794,38.234,2.4931,149,473.87,154.81,81.482,38.79,2.4822,150,483.15,152.66,82.994,39.557,2.4628,151,491.33,151.21,85.05,40.185,2.442,152,498.98,150.15,86.944,40.652,2.4209,153,515.8,145.65,84.503,35.722,2.2608,154,521.32,143.2,86.368,36.479,2.2382,155,526.69,140.87,88.458,37.225,2.2167,156,531.83,139.2,90.861,38.12,2.1925,157,538.26,138.99,94.475,37.753,2.1663,158,543.95,139.29,97.045,38.441,2.1484,159,549.4,138.75,99.694,39.233,2.1252,160,554.77,139.07,103.15,40.344,2.1026,161,560.03,139.35,104.6,42.887,2.0847,254.98,254.99,254.99
290,16,133,341.16,100.19,30.411,20.895,2.0586,135,371.55,103.46,32.155,21.066,2.0179,136,391.31,107.99,33.178,21.901,2.0762,137,412.65,114.41,34.296,22.097,2.07,138,435.1,121.67,34.972,22.372,2.1326,139,459.02,129.36,35.951,23.228,2.2031,140,481.33,137.07,36.313,23.495,2.2198,141,502.82,144.27,37.302,24.173,2.2732,142,524.14,148.68,36.551,23.815,2.3244,143,544.25,153.45,37.362,24.168,2.3397,144,562.64,157.16,38.384,24.617,2.3305,145,579.43,156.69,39.426,24.804,2.3286,146,595.43,154.64,40.735,25.333,2.3162,147,609.1,154.45,46.202,25.51,2.1907,148,620.16,151.43,39.43,21.274,1.8984,149,627.45,153.14,46.567,15.681,1.7787,217.53,222.18,220.97
300,8,135,370.34,156.13,36.19,25.705,1.6915,136,386.85,161.48,37.552,24.49,1.7403,138,426.25,177.62,37.872,26.197,1.7281,139,447.29,187.43,38.258,27.002,1.7759,140,467.3,196.36,38.805,27.499,1.8069,141,486.94,204.47,39.637,28.784,1.8087,142,505.36,211.35,43.218,26.104,1.8173,143,522.94,218.66,45.151,25.713,1.7997,205.45,210.69,212.2
306,8,136,325.64,247.44,122.34,7.4274,3.4154,137,333.95,252.49,119.94,7.2915,3.4774,140,358.21,265.82,114.18,7.2566,3.6565,141,370.66,272.05,116.7,8.5598,3.697,142,385.53,279.51,122.51,8.9466,3.7349,143,396.87,285.09,125.04,9.8731,3.7654,144,409.89,291.42,129.78,11.851,3.7892,146,426.71,293.38,132.8,12.011,3.8136,134.15,143.97,116.84
313,9,137,162.29,141.76,90.273,42.338,1.5739,138,167.04,149.51,106.5,58.737,1.9299,139,177.91,142.15,108.25,71.019,2.3816,140,195.33,138.67,110.06,72.869,2.4745,141,209.91,138.72,114.67,74.552,2.5664,142,224.1,140.5,119.25,78.269,2.6658,143,238.55,139.34,122.41,77.049,2.7013,144,249.52,143.37,107.14,87.698,2.6974,145,252.84,149.33,123.6,90.884,3.0039,235.43,241.68,238.9
318,48,138,169.31,100.4,30.75,20.137,1.9208,139,189.05,96.682,30.756,20.311,1.9475,140,208.42,94.205,30.985,20.615,1.9854,141,226.49,93.606,31.292,20.915,2.0305,142,244.12,93.513,31.231,20.537,2.0408,143,260.58,93.288,31.386,20.961,2.0703,144,275.74,93.611,31.629,21.145,2.0822,145,288.26,94.07,31.867,21.3,2.0889,146,298.11,94.619,34.182,21.67,2.139,147,308.95,93.359,32.603,22.155,2.0968,148,317.41,93.502,34.996,22.132,2.1404,149,324.65,92.999,35.347,22.495,2.1259,150,330.29,92.574,36.062,22.903,2.1183,151,336.38,91.518,34.362,23.262,2.0616,152,339.8,92.842,36.952,23.539,2.1037,153,342.39,93.525,37.931,23.878,2.1001,154,344.71,93.627,37.177,24.029,2.0264,155,346.33,93.858,36.525,24.577,1.9959,156,347.38,95.062,37.032,24.985,1.975,157,348.29,97.907,40.166,25.203,2.0041,158,350.11,100.21,40.58,25.682,1.9893,159,351.94,102.18,39.017,26.225,1.9204,160,352.91,105.51,39.659,26.725,1.9081,161,354.54,108.98,40.422,27.065,1.8934,162,356.9,111.81,41.07,27.461,1.8796,163,360.53,114.06,41.507,28.121,1.8774,164,366.03,116.14,42.328,28.702,1.8555,165,373.22,118.19,43.024,29.255,1.8358,166,382.42,119.89,43.518,29.773,1.8138,167,393.07,121.45,44.146,30.166,1.8007,168,403.86,122.81,44.857,31.082,1.8032,169,414.58,124.95,48.22,32.006,1.8511,170,427.38,124.85,46.611,32.533,1.7888,171,439.55,125.66,47.625,32.997,1.7789,173,464.73,126.29,49.578,33.686,1.7261,175,489.99,124.45,51.752,34.795,1.6872,176,502.56,122.64,52.815,35.296,1.67,177,515.45,120.73,53.8,35.877,1.6509,178,528.24,118.18,54.835,36.566,1.6255,179,540.85,115.23,56.144,37.322,1.6034,180,553.42,112.62,57.672,37.955,1.5795,181,565.55,110.25,59.248,38.772,1.5621,182,577.06,108.26,60.319,39.022,1.5334,183,598.64,107.21,64.075,56.64,1.1887,184,604.12,104.86,63.511,50.594,1.479,185,608.97,102.26,65.238,44.724,1.4992,186,614.37,101.13,71.864,39.084,1.4785,187,618.11,97.917,72.886,33.542,1.5129,254.1,254.34,254.5
324,31,139,345.01,168.73,35.666,19.92,1.8746,140,363.75,173.42,36.34,20.114,1.9202,141,381.46,178.28,37.01,20.283,1.9467,142,399.27,182.58,38.24,20.384,1.973,143,416.16,186.42,38.984,20.69,1.9971,144,431.94,189.58,39.865,20.74,2.0188,145,446.32,190.65,40.795,20.825,2.0113,146,459.69,190.65,41.727,21.179,2.0055,147,472.41,190.43,42.993,21.782,1.9942,148,484.37,190.52,44.044,21.842,1.9968,149,494.69,188.62,45.03,23.331,1.96,150,504.82,187.42,46.652,22.857,1.9602,151,513.94,186.45,48.131,23.692,1.9397,152,522.34,186.07,49.62,23.714,1.9357,153,529.65,184.86,50.874,24.194,1.9176,154,536.46,183.32,52.283,24.978,1.8983,155,543.16,181.67,53.793,25.751,1.8761,156,549.79,180.52,55.885,26.757,1.8488,157,556.7,181.16,57.52,27.463,1.8251,158,563.95,182.16,59.157,28.031,1.805,159,571.06,182.32,61.215,29.145,1.7868,160,578.31,183.32,63.337,30.334,1.7644,161,586.38,184.6,65.356,31.72,1.7472,162,595.22,185.35,67.653,33.181,1.7298,163,605.85,186.57,70.349,33.929,1.7091,164,616.78,188.49,72.597,33.48,1.6445,165,622.66,189.35,74.946,26.012,1.593,166,630.19,193.58,76.316,14.839,1.5979,171,619.46,188.91,110.01,33.999,1.5862,172,622.58,203.53,135.91,30.081,1.5881,173,626.33,197.24,166.07,23.74,1.5614,254.9,254.9,254.92
325,16,139,187.96,161.58,53.14,30.41,1.3239,140,204.19,159,51.359,29.262,1.4337,141,221.6,161.36,58.032,31.908,1.3304,142,236.43,162.24,54.269,31.216,1.3868,143,251.54,162.57,57.168,32.811,1.4216,146,257.47,166.78,133.79,55.436,3.406,147,260.18,167.06,142.75,55.644,3.3702,148,274.87,168.61,139.77,56.311,3.424,150,296.92,173.8,137.6,59.641,3.4728,151,302.7,176.49,142.43,61.063,3.4818,152,308.14,180.17,147.91,62.651,3.4931,153,314.34,185.38,156.37,64.512,3.5149,154,319.31,189.16,153.16,65.4,3.5174,158,326.35,201.42,146.15,71.694,3.4019,159,328.77,205.15,135.77,73.752,3.3494,160,330.14,211.29,138.74,75.691,3.3381,231.41,238.55,233.59
336,25,141,253.32,108.13,30.608,18.911,1.8366,142,271.17,109.24,30.772,18.68,1.8581,143,287.83,109.81,30.841,19.082,1.866,144,303.25,110.55,31.352,19.244,1.8908,145,316.21,111.34,31.425,19.548,1.8994,146,327.41,111.26,31.81,19.798,1.8812,147,338.29,110.64,32.045,20.032,1.8781,148,348.16,110.21,32.635,20.391,1.8757,149,356,109.6,32.836,20.52,1.8645,150,362.22,109.19,34.177,21.114,1.8883,151,368.51,108.52,33.969,21.254,1.8387,152,373.44,108.71,34.432,21.463,1.8238,153,376.35,109.69,36.144,22.235,1.869,154,379.48,109.22,35.627,22.228,1.7827,155,381.66,109.54,36.166,22.558,1.7592,156,383.76,110.3,36.858,22.932,1.7434,157,386.05,111.86,37.529,23.343,1.718,158,388.69,114.17,38.178,23.779,1.7083,159,390.6,116.73,38.923,24.226,1.6959,160,392.5,119.78,39.557,24.518,1.6737,161,395.02,122.93,40.174,25.077,1.655,162,398.21,125.48,40.838,25.491,1.6455,163,402.84,127.63,41.478,25.977,1.6305,164,409.4,129.71,42.296,26.4,1.6075,165,417.49,131.72,42.968,26.787,1.5896,251.21,251.5,251.87
339,23,142,377.32,157.13,61.415,16.249,1.9752,143,394.27,160.22,62.206,16.158,1.9946,145,424.13,163.91,63.897,15.795,2.0108,151,459.2,159.84,57.245,10.648,1.9728,152,466.07,159.48,58.754,10.593,1.9589,153,471.26,158.78,59.608,11.406,1.9389,154,476.05,157.85,60.746,11.731,1.9206,155,480.76,157.01,62.209,11.7,1.8967,156,485.26,157.01,63.888,11.842,1.8818,157,489.94,157.51,65.479,12.475,1.8594,158,494.7,159.18,66.756,12.718,1.8446,159,499.82,160.64,69.088,12.123,1.8294,160,504.04,162.26,70.251,13.306,1.8065,161,509.25,164.43,72.007,13.723,1.7897,162,515.11,166.02,73.763,14.332,1.7748,163,522.98,168,75.641,14.218,1.7557,164,532.54,169.4,78.105,14.848,1.7399,165,543.46,170.8,80.555,15.499,1.7218,166,556.26,172.66,82.845,16.083,1.701,167,570.04,175.54,85.064,17.07,1.692,168,584.88,177.29,88.423,18.156,1.6857,169,600.27,179.21,91.388,18.112,1.6766,170,617.87,180.52,104.16,34.262,1.6584,253.95,254.03,254.16
340,13,142,482.4,150.3,30.538,21.446,2.2119,143,501.38,154.61,31.293,21.99,2.2273,144,519.55,157.8,32.187,22.439,2.2408,145,535.61,157.75,32.707,22.923,2.2459,146,550.55,155.93,33.38,23.288,2.2206,147,564.86,154.34,34.246,23.817,2.1984,148,578.44,152.33,34.88,24.309,2.2064,149,590.5,148.63,35.738,24.858,2.1976,150,601.48,143.88,36.24,24.909,2.1624,151,611.83,139.66,37.066,24.61,2.1243,152,620.61,137.34,36.144,26.584,2.0253,153,624.9,134.12,34.735,23.021,1.7582,154,628.21,129.45,33.914,18.275,1.6962,249.38,249.96,250.36
341,14,142,467.51,195.47,38.182,22.463,1.9527,143,485.46,200.89,39.604,22.892,1.9566,144,502.35,205.26,40.833,23.712,1.9586,145,518.17,206.52,42.273,24.229,1.9559,146,532.98,205.83,43.362,24.275,1.9726,147,547.11,206.28,45.334,24.905,1.9616,148,560.69,206.14,46.723,25.309,1.9629,149,573.14,203.58,47.991,25.53,1.9815,150,585.53,200.51,49.243,25.434,1.9699,151,597.35,198.79,51.73,24.919,1.956,152,607.85,197.02,53.711,25.506,1.9416,153,616.58,193.95,55.982,24.928,1.9149,154,622.6,194.49,56.121,23.271,1.7617,155,627.82,194.8,57.876,20.909,1.6169,239.27,241.24,242.39
347,13,143,146.71,44.28,68.556,13.506,2.083,144,154.03,47.467,82.027,17.344,2.129,145,161.11,48.006,85.923,21.259,2.1489,146,166.22,47.833,86.325,25.202,2.1568,147,170.94,47.376,86.345,29.919,2.1557,148,173.76,47.933,86.641,33.589,2.1815,149,175.2,48.004,87.316,37.572,2.1957,150,175.85,47.417,86.792,41.329,2.2072,151,175.14,49.299,89.945,45.543,2.2256,152,173.92,48.553,89.196,49.423,2.2482,153,172.22,47.337,85.232,53.007,2.2934,154,169.99,46.713,81.477,56.714,2.3659,155,169.14,46.393,71.908,60.429,2.2421,172.63,195.34,202.42
348,47,143,195.95,70.092,53.873,51.147,2.1148,144,210.28,68.791,54.117,51.695,2.1449,145,221.8,69.07,54.393,51.999,2.1143,146,231.35,69.26,54.511,52.222,2.244,147,240.29,68.647,55.182,51.812,2.3374,148,248.21,68.355,55.334,53.604,2.3643,149,254.14,68.424,56.142,54.197,2.4503,150,259.38,69.255,56.89,52.91,2.3488,151,263.05,69.944,57.624,54.257,2.4004,152,265.69,71.316,58.215,55.533,2.5228,153,267.21,72.891,59.28,55.475,2.4589,154,267.61,74.776,60.219,55.968,2.4312,155,267.38,76.907,60.894,56.524,2.4065,156,267.39,79.53,61.602,57.446,2.3573,157,267.83,82.404,62.423,57.527,2.2863,158,268.69,85.691,63.29,57.401,2.2199,159,247.76,83.95,63.05,26.276,1.9818,160,246.97,88.62,63.789,26.469,1.9684,161,246.86,93.09,64.358,26.475,1.956,162,247.3,96.912,65.182,26.743,1.9448,163,249.09,99.797,65.861,27.113,1.9354,164,252.61,102.64,66.629,27.696,1.917,165,257.79,105.3,67.186,27.899,1.9027,166,264.8,107.29,67.842,27.972,1.9038,167,273.22,109.08,68.779,29.013,1.8878,168,282.13,110.24,69.736,29.327,1.8832,169,291.49,111.58,70.448,29.713,1.8771,170,301.26,112.54,71.627,30.098,1.8797,171,311.25,113.73,72.489,30.468,1.8745,172,321.4,115.2,73.426,30.548,1.8689,173,331.44,116.59,74.283,30.996,1.8603,174,341.65,117.66,75.549,31.547,1.8484,175,351.85,118.02,76.439,31.584,1.8437,176,361.8,117.88,77.323,31.28,1.8456,177,372.22,117.74,78.549,31.975,1.8248,178,382.27,116.76,79.77,33.079,1.8016,179,392.43,115.95,81.316,32.898,1.8007,180,402.11,114.78,82.848,34.041,1.7821,181,411.5,113.92,83.398,33.572,1.7872,182,420.36,112.74,85.334,34.828,1.775,183,429.09,112.2,87.03,35.005,1.7767,184,436.84,111.51,88.157,34.941,1.7886,185,443.8,110.96,89.378,34.705,1.7915,186,449.9,109.65,91.013,35.073,1.7911,187,455.46,107.8,92.451,35.593,1.7955,188,460.29,105.18,93.958,36.038,1.7876,189,465.83,103.02,95.58,36.337,1.7773,233.59,235.77,237.56
350,13,144,263.43,155.01,40.785,18.561,1.9782,146,287.6,153.72,37.945,17.803,1.9716,147,296.82,156.61,42.095,19.38,1.9965,148,306.63,155.71,41.119,19.147,1.9844,149,313.49,158.33,44.648,20.343,1.9827,150,321.52,155.44,41.107,19.222,1.9545,151,327.01,157.2,42.962,19.71,1.9519,152,331.59,159.57,44.998,20.179,1.9475,153,334.71,162.63,47.504,20.931,1.9458,154,337.62,164.31,48.488,21.116,1.9308,158,347.99,173.69,49.228,22.427,1.874,159,350.65,176.82,49.153,22.469,1.8508,160,353.03,180.57,49.755,22.762,1.8406,231.26,237.5,221.4
369,13,152,192.02,43.288,53.501,22.32,2.2794,153,190.45,45.05,53.795,24.642,2.2954,154,193.47,48.821,51.627,15.979,2.1785,155,190.6,51.269,52.333,17.595,2.1757,156,186.99,54.757,51.871,18.681,2.1804,159,180.47,64.931,54.494,22.089,2.1991,160,178.39,69.876,54.663,22.782,2.1768,161,179.92,73.562,54.925,18.188,2.0783,162,181.09,75.581,49.941,23.526,2.043,163,180.89,79.815,50.459,24.839,2.0114,164,182.54,82.596,51.564,27.102,1.9963,165,185.16,85.867,52.211,29.026,1.9737,167,195.03,93.486,53.08,31.785,1.7902,216.06,241.04,247.53
376,9,155,338.65,186.58,75.882,60.084,1.1407,156,340.71,190.42,77.498,62.217,1.1234,157,343.32,194.53,78.758,63.237,1.151,161,358.05,218.44,87.4,51.764,1.2866,162,361.32,220.93,88.886,48.274,1.3626,163,365.18,227.06,91.724,53.053,1.3551,164,372.23,232.57,94.23,55.151,1.3393,165,378.38,235.18,91.279,50.333,1.4615,166,388.22,239.68,96.88,53.073,1.4395,180.84,188.86,176.88
378,21,156,346.49,157.72,31.306,21.46,1.6957,157,349.02,160.65,31.69,21.924,1.6807,161,358.42,176.54,32.25,23.852,1.6536,162,361.64,180.41,33.044,24.413,1.6284,163,367.07,182.93,33,23.545,1.4889,164,372.78,187.2,33.999,25.659,1.6275,165,380.78,190.46,34.367,26.514,1.637,166,390.46,193.77,35.147,27.205,1.6293,167,403.1,188.69,27.938,21.852,3.6707,168,414.01,192.32,28.33,24.226,3.6552,169,426.08,199.85,35.51,26.427,1.3384,170,438.52,197.76,29.874,25.423,3.7831,171,451.57,204.55,36.907,27.107,1.2906,172,464.77,206.04,36.635,27.902,1.2582,173,478.44,208.06,37.722,28.396,1.2705,174,491.91,205.81,32.138,28.144,3.8194,175,506.42,204.61,32.381,25.843,3.7128,176,520.2,205.52,33.122,27.605,3.7877,177,534.32,205.34,33.589,28.081,3.7879,178,548.21,205.65,34.481,29.185,3.8707,179,562.3,204.69,34.363,29.128,3.8752,242.18,246.24,232.81
387,19,159,159.45,59.51,73.988,61.585,3.1348,160,156.92,64.442,73.951,66.626,3.2663,161,162.53,73.696,70.799,52.48,2.2337,162,162.21,79.277,73.192,50.903,2.2152,163,163.03,82.861,75.98,51.427,2.1717,164,165.57,86.088,76.53,51.113,2.1498,165,170.31,89.744,78.759,49.699,2.113,166,174.93,92.324,79.666,52.708,2.0986,167,183.36,92.351,77.204,51.221,2.0948,168,191.93,94.767,80.466,49.914,2.091,169,197.43,94.682,81.138,55.889,2.0694,170,206.4,95.049,79.229,54.044,2.1576,171,213.25,96.509,81.738,56.737,2.157,172,220.99,98.603,83.45,59.833,2.1695,173,229.26,100.49,83.622,62.394,2.2177,174,236.4,101.33,85.023,65.781,2.2733,175,244.43,103.81,86.746,68.305,2.3788,176,250.53,103.8,89.519,71.558,2.4522,177,257.08,103.82,94.083,75.697,2.4808,184.75,211.13,220.05
388,22,159,288.44,95.781,63.351,27.799,1.8847,160,288.42,99.975,64.305,28.19,1.8734,161,288.92,103.94,65.102,28.509,1.8603,162,290.06,107.48,65.958,29.036,1.8503,163,292.58,110.27,66.748,29.445,1.8404,164,296.88,112.87,67.838,30.016,1.8267,165,302.74,115.5,68.654,30.495,1.817,166,310.65,117.37,69.577,30.934,1.8109,167,319.81,119.25,70.446,31.537,1.8078,168,329.48,120.62,71.476,32.003,1.8063,169,339.63,121.77,72.706,32.534,1.8035,170,350.23,122.88,73.963,33.036,1.8034,171,361.04,124.04,75.234,33.62,1.7974,172,371.92,125.35,76.467,34.117,1.7859,173,382.96,126.32,77.872,34.885,1.7719,174,394.01,126.86,79.277,35.575,1.7591,175,404.98,126.79,80.569,36.015,1.7453,176,415.88,126.26,81.871,36.594,1.7287,177,427.06,125.47,83.514,37.15,1.7205,178,438.18,124.14,85.172,37.823,1.7064,179,449.2,122.66,86.929,38.487,1.6934,180,460.15,121.51,88.943,38.846,1.6846,251.37,251.51,251.87
393,11,162,550.72,157.16,95.654,23.322,1.7279,163,559.04,158.45,98.254,23.779,1.7078,164,568.75,158.22,100.45,26.236,1.6734,165,580.44,158.91,103.67,28.234,1.6521,166,594.61,161.32,107.88,29.233,1.6368,167,609.77,163.48,111.52,29.625,1.6249,168,621.86,166.37,117.01,27.116,1.5959,169,629.13,169.33,116.81,16.43,1.5838,172,632.31,192.97,92.351,13.118,1.5984,173,630.33,188.06,72.924,17.99,1.5079,174,633.15,204.97,97.193,13.02,1.5341,253.76,253.86,254.16
401,8,166,427.67,133.69,43.854,27.212,1.5719,167,438.99,135.68,44.917,27.627,1.5624,168,450.88,137.11,45.721,28.178,1.5572,169,463.39,138.5,46.732,28.457,1.5486,170,476.3,139.83,47.909,29.035,1.539,171,489.51,140.88,48.898,29.549,1.5272,172,475.9,133.11,73.236,48.086,3.5427,174,502.62,132.64,75.804,50.093,3.5236,244.15,244.35,245.18
402,23,167,395.73,228.62,81.148,35.111,1.6931,168,406.77,236.2,85.867,41.117,1.6634,169,418.61,243.57,92.441,47.71,1.6282,170,430.71,243.13,91.601,41.279,1.6805,171,442.17,251.43,96.779,50.054,1.6725,172,455.52,251.35,97.067,43.609,1.6997,173,468.53,255.85,99.926,43.024,1.7074,174,481.3,252.72,97.479,39.396,1.7888,175,495.92,248.4,93.012,36.535,1.8213,176,509.75,250.09,96.368,36.871,1.8172,177,523.47,250.62,98.537,37.234,1.831,178,537.18,252.89,102.55,38.524,1.8239,179,551.68,250.92,103.42,36.715,1.8254,180,567.04,245.18,97.985,34.999,1.8132,181,579.54,249.47,104.29,36.119,1.8182,182,593.47,245.81,99.91,36.211,1.7959,183,606.04,245.38,98.919,36.578,1.7853,184,611.78,257.63,110.75,34.623,1.7662,185,615.58,272.95,124.47,31.822,1.7388,186,617.61,287.72,130.39,35.811,1.756,187,612.74,302.38,127.52,49.993,1.9027,188,613.09,315.96,111.08,49.282,1.9867,189,610.02,336.34,77.775,43.071,2.4293,194.65,198.1,186.18
405,8,168,194.57,99.332,56.899,21.816,1.5438,169,201.05,101.23,55.231,22.775,1.4779,170,209.76,105.85,53.958,23.673,1.5057,171,216.34,105.79,56.89,25.121,1.4086,172,224.15,109.44,55.249,26.952,1.3599,173,231.31,112.25,56.28,30.093,1.2005,174,236.09,112.16,61.135,36.485,0.98401,175,248.65,117.91,49.506,28.149,1.2314,216.32,228.72,235.52
407,29,168,301.68,200.29,70.552,36.551,3.46,169,312.38,202.49,72.261,37.559,3.4591,170,326.97,208.03,75.277,40.367,3.4236,171,330.47,207.37,76.07,37.703,3.4533,172,335.24,206.92,91.067,38.633,3.5309,173,355.41,214.03,77.209,40.272,3.4532,174,371.06,219.39,81.006,43.225,3.4038,175,383.06,221.63,80.606,44.715,3.381,176,394.25,222.68,81.46,45.202,3.3811,178,427.73,224.13,73.167,42.146,3.7962,179,433.72,222.88,78.768,41.196,3.6925,180,434.27,224.8,88.563,47.767,3.4366,181,463.2,230.46,73.779,46.495,3.8338,182,454.5,228.19,92.197,50.082,3.45,183,452.05,225.34,113.65,50.744,3.4848,184,456.66,225.97,117.28,50.77,3.4944,185,465.25,227.75,118.29,52.61,3.4897,186,482.74,234,101.72,55.221,3.472,187,491.45,235.58,100.49,57.359,3.4685,188,494.49,234.86,105.48,58.403,3.4889,189,501.15,236.62,107.93,60.139,3.4958,190,508.16,238.75,111.09,62.547,3.5068,191,516.77,242.06,115.3,65.582,3.5235,192,525.43,245.39,118.83,68.035,3.5458,193,535.06,249.52,122.8,70.447,3.5669,194,546.33,252.73,124.82,73.453,3.5739,195,557.88,255.98,128.42,76.777,3.5743,196,562.03,257.26,126.82,78.177,3.6174,197,564.28,257.27,119.15,79.51,3.6708,104.32,99.051,69.475
410,13,170,233.04,309.69,76.302,19.946,2.5738,171,236.7,313.17,72.69,14.307,2.5375,172,239.17,318.52,79.582,14.181,2.5993,173,238.72,325.23,87.595,14.517,2.6412,174,242.66,329.79,95.592,17.347,2.7266,175,246.93,333.23,98.872,17.723,2.7715,176,248.43,336.35,99.564,15.499,2.783,177,256.63,339.03,102.69,19.689,2.8475,178,260.58,341.29,98.874,15.716,2.866,179,268.78,343.17,91.857,15.49,2.8895,180,277.07,344.19,81.946,18.192,2.8928,181,280.52,346.08,75.187,17.014,2.9045,182,281.82,348.11,66.512,16.019,2.9173,78.212,80.251,81.707
411,9,171,117.15,12.104,46.718,18.076,3.3587,173,119.48,11.802,50.39,18.252,3.3342,174,119.97,11.772,51.828,18.202,3.3263,175,119.91,11.756,53.553,18.105,3.3152,176,119.49,11.748,55.196,17.998,3.3013,177,119.58,11.133,56.601,17.518,3.2869,178,122.62,10.827,52.146,17.184,3.3028,179,119.43,10.382,59.133,16.513,3.2745,180,118.9,10.035,60.527,15.923,3.2647,111.96,125.72,132.79
414,11,172,501.69,156.9,31.547,24.807,3.6668,173,516.5,141.35,51.005,30.247,1.4958,175,543.74,139.02,53.469,30.83,1.4507,176,557.05,136.87,54.634,30.958,1.4334,177,570.91,134.79,55.912,31.339,1.4162,178,584.58,132.33,57.552,31.667,1.3958,179,598.07,129.13,59.36,32.055,1.3745,180,611.63,126.78,61.359,32.316,1.3696,181,620.13,121.7,63.005,27.388,1.4445,182,626.51,116.23,65.061,19.286,1.5053,183,632.49,111,67.16,11.301,1.527,245.83,246,246.8
422,18,176,222.62,108.45,95.366,43.83,1.9235,177,227.51,106.81,99.38,44.533,1.9107,178,231.23,104.53,116.78,52.402,1.6742,179,238.61,101.72,107.31,53.939,1.7309,180,247.95,109.13,95.753,56.358,1.92,181,252.67,107.14,97.32,63.731,1.8452,182,256.66,109.12,101,65.401,1.8677,185,258.41,97.882,115.46,68.546,1.9651,186,254.76,98.561,137.62,65.91,1.7109,187,253.3,94.336,135.91,69.268,1.7348,188,251.56,91.38,138.03,71.521,1.7438,189,249.21,89.048,140.68,75.761,1.7517,190,247,82.318,134.45,79.363,1.8394,191,249.26,84.33,132.38,88.426,1.8042,192,254.31,82.686,114.68,98.258,2.5495,194,215.32,82.801,125.22,106.23,2.482,196,214.73,75.144,125.55,98.909,2.5825,198,217.22,71.559,128.81,94.945,2.6361,167.25,186.27,188.93
424,12,178,297.81,104.28,65.399,38.097,1.9963,179,305.64,103.75,65.584,38.039,2.0018,180,312.07,103.94,66.556,34.617,2.1036,181,320.45,103.24,67.296,36.484,2.0985,182,328.21,101.16,68.287,37.933,2.0827,183,335.15,99.99,69.158,39.547,2.0653,184,334.2,105.87,63.628,37.864,1.7134,185,347.14,96.149,69.789,43.581,2.0514,186,353.67,94.678,70.541,51.044,1.7883,187,350.42,96.984,77.549,55.902,2.1993,189,357.72,92.167,79.464,56.868,2.1728,190,363.68,89.409,80.143,59.34,2.1162,178.38,183.85,188.21
429,20,180,405.64,138.67,43.718,20.18,1.6272,181,415.66,136.95,43.346,20.76,1.5937,182,424.7,135.87,44.309,21.473,1.6046,183,433.06,134.45,43.33,23.148,1.6409,184,440.21,134,43.849,24.279,1.7347,190,468.26,128.75,57.229,36.682,1.8197,191,476.32,127.96,58.882,37.095,1.8175,192,485.1,127.2,60.319,38.135,1.8156,193,495.34,127.12,61.632,37.522,1.8096,194,506.61,127.24,62.947,36.362,1.8097,195,516.77,126.14,64.781,36.489,1.8045,196,526.82,124.72,66.68,36.659,1.7895,197,537.08,122.77,68.486,36.861,1.7798,198,547.77,120.85,70.401,37.376,1.7658,199,558.5,118.53,72.384,38.142,1.7585,200,569.76,116.75,74.983,38.819,1.7442,201,581.91,116.36,77.384,39.979,1.7322,202,594.3,116.05,79.762,41.498,1.7316,203,607.3,115.3,82.921,41.971,1.7247,204,614.53,118.2,84.662,38.585,1.6529,254.9,254.93,254.93
431,17,181,475.18,84.814,40.696,37.343,0.82192,182,484.98,82.463,41.42,37.777,0.81739,183,494.69,80.424,42.263,38.426,0.81916,184,503.52,78.424,42.778,38.913,0.80335,185,511.23,75.925,43.393,39.451,3.9141,186,518.49,73.157,43.96,39.989,3.8833,187,525.17,70.114,44.527,40.473,3.858,188,531.08,65.977,45.249,40.996,3.7575,189,537.6,62.129,46.182,41.48,3.7448,190,545.68,59.456,47.055,42.101,3.714,191,554.87,57.067,48.084,42.443,3.6936,192,565.1,54.983,48.86,42.698,3.6753,193,575.72,53.08,49.657,43.238,3.6315,194,586.98,50.874,50.542,43.7,3.6278,195,597.37,47.338,51.186,44.264,3.5909,196,605.7,42.539,48.527,45.065,3.645,197,610.94,37.018,46.854,40.985,1.4261,251.84,251.84,252.14
432,17,181,467.61,148.8,50.904,38.61,1.6987,182,477.74,147.87,52.282,39.4,1.6938,183,487.62,147.46,53.964,40.044,1.6861,184,496.68,146.92,55.268,40.916,1.6913,185,504.74,145.95,56.722,41.889,1.6948,186,512.11,144.77,58.278,42.728,1.6913,187,518.99,143.09,59.686,43.605,1.6928,188,528.6,137.54,60.996,40.38,1.4345,189,535.76,135.52,63.039,41.485,1.4283,190,540.78,137.45,65.286,46.868,1.6596,191,553.5,134,67.321,43.37,1.4259,192,564.29,133.91,69.338,44.138,1.4258,193,575.44,133.85,71.669,45.366,1.4211,194,587.28,133.56,74.059,46.606,1.4175,195,602.58,132.45,80.161,42.461,1.4518,196,612.72,131.18,84.236,40.404,1.4258,197,614.01,125.89,81.088,38.827,1.4181,249.65,249.74,250.02
439,8,184,181.82,137.95,110.8,27.489,1.5323,185,181.49,136.86,112.94,26.411,1.5427,186,179.23,134.73,116.34,26.63,1.5448,188,172.12,126.67,117.06,27.945,1.5411,189,173.91,123.39,111.55,39.105,1.549,190,169.85,119.13,115.44,35.439,1.5486,191,169.03,103.98,108.3,29.366,1.5022,192,169.42,98.896,107.57,29.491,1.5077,133.14,147.47,151.41
440,18,184,94.242,85.214,104.4,54.025,1.761,185,89.433,82.47,106.46,52.366,1.8012,186,89.377,78.954,111.88,53.956,1.9071,187,89.591,75.676,117.87,52.386,1.9532,188,86.856,74.522,119.08,47.486,1.9393,189,79.615,77.834,120.35,47.865,1.9596,190,76.991,73.671,118.63,47.534,1.9665,191,76.235,74.29,119.06,40.824,2.0259,192,71.675,72.786,109.47,49.303,1.924,197,68.938,63.834,93.641,45.442,1.9144,200,70.696,54.271,86.064,41.4,1.9334,201,72.756,51.054,82.873,39.85,1.9496,202,75.501,47.666,78.579,39.103,1.9742,203,77.162,46.226,74.018,38.145,1.9642,204,79.612,42.892,70.554,36.385,1.9918,206,85.076,37.582,66.311,33.441,2.0761,207,86.428,35.675,64.705,33.109,2.0817,208,85.807,36.621,57.88,32.961,2.06,109.26,129.24,130.28
443,12,186,345.17,84.752,60.612,29.653,3.7394,187,352.59,82.864,63.105,24.472,3.8608,189,357.38,76.079,68.006,27.51,3.8523,190,359.69,73.901,69.029,31.353,3.8041,191,367.33,70.955,73.944,25.706,3.8308,192,374.02,68.359,77.017,26.692,3.8334,193,380.15,68.196,76.164,30.519,3.8175,194,391.91,67.586,80.67,22.087,3.8162,195,398.51,65.348,89.069,27.147,3.8822,196,406.41,64.039,92.386,26.407,3.8722,198,419.89,56.356,94.731,21.986,3.7959,200,437.49,53.55,104.23,28.729,3.8516,162.93,172.84,178.93
447,23,187,235.05,150.04,66.621,29.242,1.8451,193,233.19,127.22,79.245,38.099,1.8845,194,234.93,122.45,81.456,39.264,1.8786,197,238.59,106.55,87.219,42.687,1.819,198,244.13,99.265,79.908,37.506,1.6859,199,245.86,87.737,98.783,41.039,1.876,201,253.48,76.62,85.15,36.24,1.8241,202,256.53,71.989,85.503,36.517,1.8536,203,259.13,67.498,83.246,36.828,1.866,204,262.15,62.002,84.004,37.563,1.8964,205,265.7,57.001,83.231,38.235,1.9268,206,269.86,51.506,78.424,35.834,1.8984,207,272.2,48.007,79.243,35.19,1.9013,208,292.46,49.472,83.88,57.055,2.5045,209,296.69,45.594,85.767,55.195,2.5781,210,297.02,42.794,84.074,53.741,2.5896,211,311.97,46.154,90.33,66.527,2.4746,212,311.65,42.182,96.544,60.7,2.4839,213,315.98,44.513,100.72,62.863,2.6381,214,314,43.774,103.72,64.157,2.6858,215,308.22,42.819,108.35,63.88,2.7437,216,298.82,40.105,114.96,60.581,2.7917,217,288.51,43.127,114.59,66.735,2.8425,151.14,164.93,160.77
453,16,190,480.13,60.636,42.332,32.295,2.2887,191,488.15,58.673,42.953,32.507,2.3054,192,497.17,56.676,43.339,32.996,2.3312,193,506.89,55.31,43.571,33.223,2.3169,194,517.98,53.37,42.622,32.616,2.2369,195,527.56,50.768,42.572,32.405,2.2297,196,536.66,47.893,43.028,32.994,2.2464,197,546.55,44.286,42.826,32.685,2.1732,198,556.46,40.467,43.261,32.86,2.1763,199,566.51,36.79,43.285,32.806,2.1738,200,576.23,33.395,42.164,33.713,2.215,201,587.87,31.249,41.09,33.732,2.2393,202,599.39,29.718,40.598,34.422,2.4333,203,610.82,27.786,40.514,34.218,2.6824,204,618.2,26.766,36.292,29.91,2.0624,205,623.96,26.622,34.424,23.277,1.744,238.28,238.3,239.27
460,30,194,321.17,90.238,66.94,10.931,1.8774,195,329.7,89.247,68.571,10.437,1.8529,196,336.68,94.268,59.554,10.513,1.8588,197,345,93.677,59.971,10.512,1.8631,198,353.56,92.937,60.419,11.194,1.8546,199,362.17,93.162,61.842,10.59,1.8739,201,377.53,88.513,59.2,20.794,1.8105,202,387.46,87.158,60.553,21.291,1.8199,203,392.88,89.694,66.888,23.63,1.9498,204,403.27,89.455,67.814,23.641,1.9615,205,413.95,89.347,68.755,23.635,1.9665,206,424.54,89.69,69.587,23.6,1.9764,207,435.06,90.163,69.873,23.319,1.9895,208,447.02,91.106,71.601,23.434,1.9949,209,458.57,92.79,72.884,23.523,2.0133,210,468.89,95.709,70.319,22.909,2.0219,211,479.99,97.881,72.401,23.205,2.0317,212,496.75,95.635,69.016,20.613,1.9227,213,501.13,104.18,73.701,23.482,2.0628,214,510.27,105.64,74.5,24.164,2.0726,215,517.23,105.52,75.919,25.244,2.0662,216,523,106.64,75.808,24.816,2.0617,217,528.85,107.15,76.002,25.765,2.0519,218,533.57,105.99,76.905,26.459,2.0363,219,537.05,104.12,78.981,27.941,2.0271,220,543.68,96.497,74.153,25.049,1.8666,221,542,94.036,72.149,25.072,1.8428,222,544.12,93.127,78.496,18.905,1.8679,223,540.05,87.377,78.331,17.004,1.8436,224,510.14,83.735,77.494,11.147,1.8545,203.77,205.25,206.07
479,19,200,430.12,188.41,33.494,20.133,2.1274,201,437.87,188.79,34.713,20.853,2.1392,202,445.63,189.24,35.783,21.882,2.1563,203,453.49,189.88,36.536,22.448,2.1545,204,461.38,190.67,37.87,23.437,2.1868,205,469.61,191.93,39.394,24.696,2.2008,206,478.04,193.42,40.734,25.797,2.2159,207,486.89,194.93,42.187,27.083,2.2267,208,496.16,197.8,44.217,27.846,2.2569,209,505.51,201.03,46.387,29.409,2.2692,210,515,204.42,47.894,30.806,2.2774,211,525.06,208.33,50.225,31.828,2.3361,212,535.49,213.66,53.028,33.557,2.3273,213,545.79,217.73,55.914,35.488,2.3261,214,556.9,217.46,57.324,34.129,2.4716,215,567.74,218.66,60.379,35.855,2.4454,216,579.57,219.74,63.766,36.099,2.4645,217,592.72,218.52,64.908,32.007,2.5408,218,602.09,224.32,57.706,37.788,2.4627,122.21,39.861,4.1239
480,11,202,479.08,62.282,53.293,16.466,3.7306,203,488.8,59.374,55.041,16.751,3.7391,205,509.78,53.793,59.771,17.36,3.7672,206,513.52,51.224,95.607,31.891,3.7835,207,529.64,50.88,88.767,34.409,3.7945,208,545.07,51.546,85.714,35.718,3.8438,209,558.7,46.168,71.49,18.852,3.846,210,572.91,50.72,84.481,36.064,3.9083,211,591.03,54.694,74.536,36.659,0.87282,212,604.6,54.996,76.542,35.095,0.91358,213,613.21,51.864,74.22,31.54,0.98921,153.95,165.37,164.24
482,17,202,464.14,112.6,33.726,19.612,1.7285,203,472.91,112.01,37.352,20.576,1.7133,204,482.66,111.56,38.452,21.299,1.736,205,492.58,110.62,40.108,22.261,1.7377,206,502.92,110.75,41.146,23.103,1.7621,207,513.16,109.48,44.956,23.994,1.7575,208,524.46,110.52,50.108,25.041,1.7727,209,537.23,111.28,46.089,25.938,1.7663,210,548.19,110.81,53.683,26.865,1.7831,211,560.55,112.81,56.292,28.349,1.7866,212,573.64,114.87,57.266,29.48,1.7915,213,586.61,114.3,61.855,30.387,1.7812,214,603.57,121.47,58.793,20.541,1.9693,215,614.99,117.94,61.804,20.929,1.958,216,623.29,117.69,65.181,18.103,1.8403,218,615.46,115.69,119.27,37.494,1.7971,219,619.66,119.18,122.22,31.448,1.7602,135.93,112.09,105.95
483,22,202,277.71,181.94,35.559,24.451,2.5732,203,278.93,179.46,36.671,25.387,2.6059,204,280.04,176.37,38.164,25.907,2.6102,205,281.16,173.44,38.835,26.488,2.6189,206,282.27,170.01,41.122,27.475,2.6628,207,283.61,166.22,43.617,28.333,2.6963,208,285.63,162.43,46.438,29.216,2.7273,209,286.85,159.04,48.374,29.736,2.7484,210,285.25,155.98,46.997,30.865,2.7035,211,285.08,152.28,48.921,31.761,2.7299,212,284.7,148.57,51.143,32.929,2.7386,213,283.34,144.69,53.74,34.181,2.7355,214,280.35,141.16,56.779,35.405,2.7303,215,275.34,138.46,59.254,36.438,2.6928,216,269.78,136.27,62.509,37.665,2.6534,217,274.37,132.87,58.419,26.762,2.2379,218,265.39,130.37,62.512,27.849,2.2174,219,253.32,128,67.653,28.914,2.1904,220,237.52,126.6,73.903,30.161,2.1562,221,217.92,127.2,81.471,31.414,2.113,222,194.55,129.84,91.614,32.645,2.0602,223,165.97,135.7,105.27,33.92,1.9997,118.3,122.05,121.69
494,15,206,177.41,61.228,96.526,38.611,1.9973,207,175.96,59.902,92.593,39.547,2.0092,208,177.36,55.765,89.11,39.443,2.0531,209,178.15,52.375,85.844,38.898,2.0845,210,177.82,49.421,82.03,38.462,2.1042,211,177.22,45.54,76.175,38.241,2.1214,212,171.43,39.925,69.656,37.563,2.0306,213,171.31,37.95,66.944,32.23,2.0885,214,168.69,35.881,60.433,40.309,2.0629,215,164.41,35.319,58.787,34.342,2.1169,216,160.31,33.495,55.645,28.261,2.0527,217,152.37,30.195,56.978,24.684,2.1676,218,139.03,31.338,55.205,23.857,2.1337,219,126.51,30.369,54.784,22.363,2.1312,224,126.41,34.913,98.165,60.653,3.0022,92.5,108.48,103.69
505,38,209,392.13,116.17,85.429,24.738,2.2799,210,398.57,120.33,87.481,31.454,2.3827,211,409.44,122.29,87.63,31.283,2.398,212,419.09,125.54,88.285,31.927,2.4226,213,426.16,129.3,86.834,33.018,2.4683,214,428.29,131.47,94.638,42.532,2.6528,215,420.79,128.83,97.359,53.227,2.915,216,426.37,130.5,98.261,53.575,2.9117,217,430.8,132.13,98.944,53.759,2.9058,218,435.5,132.8,97.927,53.595,2.8702,219,436.68,132.71,100.11,54.087,2.8766,220,436.12,131.93,101.69,54.498,2.8552,221,432.95,132.29,103.81,55.142,2.8437,222,431.3,130.43,104.27,55.204,2.7969,223,426.65,129.21,106.96,55.711,2.7718,224,423.18,126.75,106.32,55.812,2.7001,225,415.35,131.55,105.82,67.338,2.5469,226,408.16,129.56,107.33,70.22,2.4816,227,400.35,119.2,111.62,57.595,2.518,228,391.57,126.23,111.17,76.78,2.3612,229,381.79,113.38,118.36,59.135,2.393,230,375.87,112.54,121.95,60.542,2.3733,231,373.87,112.06,123.97,62.132,2.3397,232,371.38,109.42,130.05,63.606,2.3605,233,371.6,104.89,131.39,64.404,2.3389,234,369.2,101,136.07,65.615,2.3497,235,369.71,94.871,136.2,66.341,2.3555,236,371.69,90.087,134.14,66.312,2.3668,237,380.91,84.612,133.92,59.308,2.3256,238,378.77,84.441,139.35,59.238,2.4286,239,385.95,80.245,130.47,57.336,2.4171,240,394.87,76.562,122.85,54.774,2.3855,241,402.93,76.14,120.79,54.435,2.362,242,409.53,77.119,121.5,54.679,2.364,243,422.89,75.067,112.32,52.604,2.2481,244,432.24,75.509,111.07,52.419,2.1931,245,443.53,74.575,108.98,50.772,2.1075,246,453.82,73.477,109.17,48.562,2.03,166.39,167.11,161.94
517,8,211,553.6,246.92,44.982,16.463,1.7749,212,563.98,254.86,46.816,16.569,1.7994,213,574.79,261.82,49.341,17.283,1.821,214,585.94,266.39,53.265,17.798,1.8332,215,597.75,270.82,56.649,18.194,1.8365,216,610.31,276.45,60.879,18.808,1.8407,217,623.05,290.39,68.23,23.667,1.7442,222,615.43,268.44,90.692,18.68,1.6725,100.19,31.144,4.4814
523,10,213,272.34,65.531,82.779,59.265,1.2847,214,270.12,62.509,79.383,58.524,1.0574,215,268.85,61.849,85.979,57.092,3.8637,216,258.33,58.339,82.402,51.433,0.84123,217,251.13,55.26,83.69,48.483,0.79286,218,243.22,49.547,99.34,60.62,3.6478,219,237.23,50.173,93.978,46.126,3.6384,220,218.15,46.661,105.72,54.098,3.4836,221,196.04,44.465,84.982,36.401,3.7993,222,173.79,43.169,83.675,38.365,3.775,182.95,197.21,199.48
530,8,214,605.81,86.665,105.06,41.177,1.7933,215,613.6,91.004,109.22,38.974,1.6875,216,615.29,91.562,105.59,39.317,1.6796,221,597.49,92.855,95.457,36.967,1.849,222,599.09,83.709,99.124,36.094,1.8148,223,596.04,80.062,96.665,29.083,1.8175,224,593.93,71.864,93.297,30.305,1.7752,225,589.93,64.711,83.91,31.482,1.7398,151.21,144.72,143.06
587,10,227,436.12,82.981,51.262,12.545,1.8037,228,424.55,77.752,51.9,13.257,1.7396,229,414.57,72.583,51.981,14.22,1.6822,230,408.53,67.169,49.904,14.736,1.659,231,406.15,66.953,55.969,15.416,1.6224,232,405.24,58.672,49.312,16.482,1.6463,233,404.73,52.758,49.834,17.48,1.6393,234,404.44,44.992,50.346,18.389,1.6395,235,404.53,40.517,52.464,19.4,1.6437,236,406.19,33.356,46.856,21.218,1.6531,237.84,239.63,238.05
600,10,229,500.52,45.498,54.238,14.759,1.5646,230,499.01,40.691,50.757,14.111,1.5038,231,500.53,37.152,46.619,18.017,1.4626,232,505.14,33.426,44.89,19.871,1.4133,233,510.89,29.395,42.173,22.332,1.3178,234,518.18,25.345,38.592,24.135,1.1762,236,514.23,24.665,69.971,34.891,3.0329,237,526.59,22.166,76.336,31.404,3.0499,238,539.72,19.701,82.352,27.91,3.0722,239,558.62,18.389,95.186,26.585,3.0835,252.46,252.71,253.22
610,10,232,376.89,173.56,87.681,8.7841,3.1438,233,377.74,172.11,90.942,10.034,3.1387,234,383.14,169.96,96.834,12.205,3.1442,235,384.74,167.12,98.92,13.841,3.1483,236,396.58,166.28,109.1,20.4,3.2076,237,399.23,163.55,112.95,20.409,3.1903,238,404.61,164.57,116.78,24.644,3.2105,239,413.52,168.97,123.99,30.14,3.234,240,411.23,174.32,123.21,33.586,3.2544,241,400.33,181.61,109.44,36.921,3.2246,113.27,114.08,109.42
616,12,235,53.501,134.36,76.17,36.548,3.1422,236,53.096,129.8,76.705,38.827,3.122,237,49.034,123.78,71.439,38.32,3.0472,238,47.305,119.37,70.67,38.73,2.98,239,47.827,117.14,69.855,43.248,2.9204,240,45.163,113.23,68.077,42.151,2.8314,241,43.214,110.94,65.815,43.328,2.751,242,41.162,110.03,63.684,43.819,2.6506,243,39.223,110.6,62.288,43.324,2.5406,244,37.764,111.91,61.492,45.671,2.3167,245,34.489,113.26,61.344,42.47,2.1757,246,30.263,113.96,58.896,38.916,2.0229,133.21,144.35,146.17
617,10,236,23.173,125.32,31.268,25.603,3.4569,237,21.603,121.3,30.458,27.079,3.4254,238,20.89,118.42,30.049,28.139,3.8208,239,20.777,116.08,30.789,28.315,1.1326,240,20.24,114.07,32.294,27.902,1.1726,242,21.169,111.92,35.205,27.24,1.0962,243,21.722,111.82,36.851,26.589,1.2237,244,21.758,112.88,38.81,27.271,1.4106,245,20.432,118.8,38.143,27.038,1.1463,248,19.707,119.55,55.189,27.688,1.6482,181.34,192.4,191.16
627,27,239,60.498,113.07,36.864,26.123,1.1085,240,56.742,107.92,36.341,19.894,1.4453,241,57.469,104.41,37.389,20.541,1.4412,242,58.305,102.25,37.88,20.838,1.4442,243,58.736,101.14,38.513,21.381,1.4434,244,59.177,100.9,39.105,21.291,1.4711,245,56.749,99.975,41.363,17.828,1.5335,251,58.215,105.01,68.647,44.033,2.9422,252,49.894,108.81,76.239,46.677,2.8234,253,47.613,111.22,78.667,49.237,2.7155,254,46.367,110.05,76.368,47.37,2.7291,255,46.448,109.29,76.583,50.681,2.6777,256,46.658,103.24,74.742,50.001,2.7422,257,46.762,95.612,73.432,47.852,2.8235,258,47.223,91.018,72.74,50.01,2.8262,259,47.664,86.281,72.772,50.683,2.849,260,48.688,80.669,72.195,49.191,2.9567,261,48.847,76.912,72.647,49.065,2.9595,262,48.641,74.278,73.032,48.915,2.9653,263,48.784,72.917,72.982,49.257,2.9808,264,48.788,72.74,73.036,49.496,2.9937,265,48.406,73.893,72.015,50.096,2.9792,266,48.061,73.671,70.888,50.765,2.911,267,46.963,74.617,68.893,50.761,2.876,268,45.399,76.742,66.045,53.719,2.7491,269,43.59,79.376,63.845,54.934,2.4951,270,40.732,82.331,65.707,53.66,2.1482,170.58,186.18,191.78
630,11,240,399.47,104.77,50.467,14.532,3.0588,241,406.13,103.78,50.236,15.969,3.0684,242,411.17,104.48,53.64,17.084,3.0793,243,418.09,105.92,54.376,18.263,3.0969,244,424.62,108.59,55.222,20.058,3.1152,245,435.01,112.59,46.496,17.732,3.2202,246,441.78,115.81,49.38,18.444,3.2444,247,447.68,119.62,51.88,20.36,3.2662,248,450.34,122.52,60.211,25.394,3.2323,249,463.21,122.86,54.226,15.68,3.2019,250,470.35,126.03,57.801,17.73,3.209,200.36,201.68,194.23
637,41,246,337.81,58.835,60.193,23.605,1.9192,247,340.25,58.92,60.235,24.54,1.931,248,342.1,58.315,61.083,23.642,1.9036,249,343.25,58.815,61.853,24.106,1.9161,250,342.73,60.304,64.427,26.637,1.9812,251,339.62,61.753,67.729,35.669,2.1314,252,343.24,60.892,66.204,28.103,1.9772,253,340.27,63.217,69.767,36.044,2.1345,254,344.43,62.271,67.774,28.994,1.9831,255,343.36,63.93,70.895,37.307,2.1271,256,346.27,65.612,72.585,38.124,2.1597,257,350.58,66.799,74.107,38.95,2.1915,258,356.12,67.086,74.659,39.505,2.1953,259,358.49,70.326,77.565,40.503,2.2723,260,363.26,72.473,79.637,41.167,2.2893,261,368.86,74.554,80.672,41.747,2.2953,262,374.63,76.418,81.346,42.669,2.3063,263,380.13,78.594,82.142,42.717,2.285,264,386.25,80.094,82.001,43.415,2.2714,265,388.34,83.329,85.171,43.861,2.288,266,391.12,84.493,87.135,45.249,2.2995,267,390,86.607,93.022,49.079,2.3987,268,394.01,86.52,91.761,46.732,2.3001,269,393.22,88.177,96.568,51.096,2.375,270,394.2,89.162,98.811,53.328,2.3996,271,394.02,91.428,102.83,53.876,2.3916,272,397.72,89.832,101.9,54.375,2.3537,273,380.64,91.717,126.04,73.984,2.8112,274,394.42,93.158,115.33,58.667,2.417,275,382.34,88.954,132,77.862,2.8514,276,389.04,89.044,131.67,78.759,2.7633,277,394.41,88.762,130.57,79.453,2.7068,278,410.91,88.731,119.68,62.418,2.299,279,413.93,90.401,122.3,63.474,2.28,280,418.84,90.446,122.77,63.042,2.2225,281,427.82,89.261,122.34,53.97,2.0767,282,434.16,87.464,122.93,53.368,2.025,283,446.67,79.163,114.55,41.748,1.8166,284,450.73,81.492,117.68,45.755,1.8376,285,458.22,80.052,118.9,42.612,1.7772,286,466.78,77.881,120.91,41.312,1.7237,193.79,197.3,191.11
653,19,251,51.866,101.47,40.875,23.092,1.5553,252,49.655,103.33,43.015,24.266,1.5387,253,47.029,104.17,43.356,25.636,1.5271,254,44.705,104.08,42.717,25.421,1.5884,255,43.225,101.75,42.923,26.167,1.5881,256,43.182,96.571,43.083,26.72,1.6111,257,43.919,94.15,37.064,27.437,1.6956,258,44.606,88.683,38.197,27.708,1.6964,259,45.396,84.092,38.405,28.398,1.712,260,46.551,79.581,38.853,28.795,1.728,261,48.26,76.088,38.714,29.684,1.7781,262,49.741,73.526,39.532,30.024,1.7646,263,50.519,72.249,40.48,30.715,1.7527,264,54.978,76.286,43.857,23.086,2.1028,265,54.479,78.406,44.501,22.127,2.1562,266,53.31,79.958,45.731,21.858,2.1835,267,51.083,81.816,46.738,21.819,2.1944,268,48.133,84.012,48.451,21.946,2.2088,269,44.418,86.401,50.069,21.96,2.2247,218.08,222.55,224.21
654,21,251,398.31,54.738,75.69,16.044,1.6253,252,400.09,55.789,76.643,16.322,1.6255,253,400.76,58.227,79.709,22.753,1.6763,254,403.1,58.624,81.009,23.155,1.6725,255,406.35,60.711,83.461,24.736,1.6866,256,412.51,61.852,85.887,23.303,1.6812,257,418.71,64.902,89.437,25.653,1.7187,258,425.14,67.211,93.332,27.771,1.7494,259,429.8,71.09,97.844,37.986,1.8336,260,437.25,73.782,101.83,39.472,1.8515,261,445.75,76.614,105.53,38.628,1.8433,262,454.48,79.571,108.97,35.995,1.8246,263,461.71,82.792,113.73,39.626,1.8477,264,469.73,86.117,118.35,40.42,1.8482,265,476.33,89.083,122.56,43.153,1.8558,266,483.09,91.87,126.21,45.383,1.8599,267,488.74,94.767,130.06,49.247,1.8785,268,494.51,97.699,133.98,52.746,1.8869,269,506.71,96.667,134.51,35.396,1.7662,270,517.51,92.873,133.34,30.142,1.7022,271,527.43,91.154,138.49,31.562,1.6813,188.66,190.32,184.96
660,12,255,11.712,116.74,46.179,16.631,1.5719,256,11.467,110.42,45.767,16.28,1.5713,257,11.285,103.01,46.476,16.221,1.5696,258,11.387,96.88,47.307,16.426,1.5726,259,11.573,91.52,48.31,16.543,1.5727,260,11.894,86.339,48.641,17.084,1.5745,261,12.001,81.32,49.24,17.55,1.5737,262,12.71,78.664,50.58,18.024,1.5843,263,12.862,76.923,51.161,18.247,1.5883,264,12.886,76.024,51.903,18.244,1.5905,265,12.482,76.344,55.351,16.983,1.5778,266,11.129,77.119,53.356,15.551,1.5807,194.22,202.79,196.25
667,15,258,206.53,76.931,41.88,21.593,3.276,259,206.13,75.598,45.464,21.908,3.2879,260,206.51,74.719,47.873,21.547,3.2892,261,206.04,73.946,51.854,22.086,3.312,262,205.55,73.484,57.03,23.808,3.3233,264,200.46,75.326,66.303,25.616,3.3054,265,195.25,77.433,71.029,26.433,3.2966,266,189.3,78.361,76.134,27.503,3.3085,267,182.29,79.609,81.296,28.167,3.2961,268,158.28,80.315,102.82,32.522,3.2277,269,154.53,82.485,103.55,32.759,3.2383,270,147.74,83.33,104.05,33.353,3.2616,273,127.33,87.36,108.18,34.282,3.2109,274,117.71,87.713,100.61,35.702,3.2504,275,115.47,85.994,110.18,39.382,3.229,74.007,70.568,79.087
670,9,261,88.01,74.765,31.815,21.971,1.6049,262,89.038,73.421,32.172,19.902,1.5144,263,90.147,72.362,32.127,19.634,1.5404,264,90.977,72.297,32.165,19.162,1.5816,265,90.23,73.834,33.543,18.557,1.5744,266,88.575,71.323,42.162,17.467,1.5443,267,85.852,71.794,43.633,16.546,1.5652,268,82.161,71.763,44.905,15.068,1.5814,269,78.398,73.147,47.67,14.144,1.5983,152.29,167.84,178.55
671,8,261,137.72,78.698,44.378,26.545,3.207,264,129.06,76.781,34.075,25.677,1.0046,265,126.75,77.049,33.623,25.61,1.2647,266,122.35,76.651,34.156,20.828,1.4449,267,116.62,77.464,38.095,18.057,1.7147,270,115.68,77.516,37.774,20.325,1.1438,271,104.77,80.397,40.544,31.855,0.90267,272,102.41,84.356,39.564,36.333,3.8523,71.561,74.684,76.994
683,19,266,366.25,68.408,37.407,17.81,1.6679,267,367.97,67.984,37.003,18.021,1.6571,269,369.26,67.599,36.685,18.493,1.6969,270,369.7,68.413,36.397,18.785,1.7016,271,369.88,67.673,35.498,18.741,1.7574,273,370.52,64.852,33.022,19.807,1.8243,274,371.4,67.472,40.984,20.583,1.6834,275,372.12,62.23,34.438,20.785,1.8127,276,372.98,64.741,42.111,21.071,1.6934,277,374.1,64.561,43.417,21.767,1.7009,278,375.04,64.297,44.073,22.391,1.6879,279,375.77,61.078,38.051,22.788,1.8165,280,376.24,66.273,47.51,23.818,1.6754,281,376.47,62.074,40.492,24.3,1.8065,282,376.95,62.448,41.376,24.908,1.8184,283,377.69,62.873,42.303,25.735,1.8192,284,378.61,63.115,43.788,25.991,1.857,285,380.13,62.66,44.411,27.338,1.8335,286,381.84,61.524,45.641,28.563,1.8402,122.96,121.32,123.56
689,10,270,473.7,202.93,60.739,13.85,3.5869,271,483.58,214.08,66.832,16.238,3.6117,272,493.12,225.92,71.868,17.815,3.6662,273,505.77,239.67,81.234,20.819,3.7087,274,520.93,256.82,91.351,24.269,3.7606,275,534.17,275.38,107.59,27.647,3.8453,276,557.75,300.35,121.23,30.833,3.8549,277,557.84,308.15,106.66,29.007,3.8427,278,566.6,320.83,108.7,28.666,3.7447,279,561.03,331.13,85.661,22.385,3.7396,100.82,105.16,103.12
699,9,274,428.7,37.02,36.393,15.968,1.7409,275,431.14,35.101,37.575,16.63,1.74,276,433.92,31.63,36.885,17.47,1.7755,277,436.96,30.995,38.347,18.471,1.7421,278,440.1,31.127,40.436,19.782,1.6886,279,443.09,31.577,42.326,20.764,1.6834,280,445.72,32.449,44.782,22.355,1.6634,281,448.4,31.386,43.608,23.669,1.69,282,451.59,27.059,38.714,24.293,1.8459,244.31,244.59,243.64
709,9,278,427.76,106.66,39.429,23.274,1.5777,279,429.65,109.26,40.696,25.633,1.6058,280,433.54,110.63,42.165,28.873,1.7535,281,436.84,113.25,42.771,30.466,1.784,282,439.54,116.22,42.956,32.253,1.7544,283,445.11,120.26,42.106,32.994,1.6528,284,448.87,124.58,41.353,33.398,1.4032,285,453.66,127.96,41.43,35.635,1.284,286,461.11,130.47,44.128,34.246,1.0298,228.99,229.46,213.29
